age,income,credit_score,loan_amount,years_employed,education,employment_status,marital_status,housing_type,application_date_2025-09-09,application_date_2025-09-10,application_date_2025-09-11,application_date_2025-09-12,application_date_2025-09-13,application_date_2025-09-14,application_date_2025-09-15,application_date_2025-09-16,application_date_2025-09-17,application_date_2025-09-18,application_date_2025-09-19,application_date_2025-09-20,application_date_2025-09-21,application_date_2025-09-22,application_date_2025-09-23,application_date_2025-09-24,application_date_2025-09-25,application_date_2025-09-26,application_date_infrequent_sklearn,target
-0.37873080827685474,1.1085960561770807,0.7122836938098194,0.4649451552062887,-0.013698256706626137,0.9051725069635551,-0.7627989486541282,-0.2838565988642303,1.2084059522778021,0.0,0.0,0.0,0.0,0.0,0.0,0.0,0.0,0.0,0.0,0.0,0.0,0.0,0.0,0.0,0.0,0.0,0.0,1.0,0
-1.4281526191650333,1.9295532007819485,-1.0220943066515997,-0.6120043378807322,1.2128832768234743,-1.0004538234860347,-0.7627989486541282,-1.5682755982498873,-0.4549195154135979,0.0,0.0,0.0,0.0,0.0,0.0,0.0,0.0,0.0,0.0,0.0,0.0,0.0,0.0,0.0,0.0,0.0,0.0,1.0,1
-0.0473344469437457,1.8348437318940667,0.48273366433698445,0.09715370680031643,1.0413334119940898,-1.0004538234860347,-0.7627989486541282,-1.5682755982498873,0.3767432184321022,0.0,0.0,0.0,0.0,0.0,0.0,0.0,0.0,0.0,0.0,0.0,0.0,0.0,0.0,0.0,0.0,0.0,0.0,1.0,1
0.5049928219447694,-1.0043887476547309,-0.9009429022076035,0.08807000350420349,-0.07374070939691073,-1.0004538234860347,-0.7627989486541282,1.0005624005214266,0.3767432184321022,0.0,0.0,0.0,0.0,0.0,0.0,0.0,0.0,0.0,0.0,0.0,0.0,0.0,0.0,0.0,0.0,0.0,0.0,1.0,1
0.6706910026113239,0.8948051129987582,0.3870878187233032,-0.7149540016438309,-1.0858849118902805,0.9051725069635551,2.0279289122756095,2.2849813999070836,-1.2865822492592978,0.0,0.0,0.0,0.0,0.0,0.0,0.0,0.0,0.0,0.0,0.0,0.0,0.0,0.0,0.0,0.0,0.0,0.0,1.0,1
0.22882918750051182,0.0008559078383655314,-1.5832166009185293,-1.0541302450563192,-1.4804496009978656,2.810798837413145,-0.7627989486541282,-0.2838565988642303,0.3767432184321022,0.0,0.0,0.0,0.0,0.0,0.0,0.0,0.0,0.0,0.0,0.0,0.0,0.0,0.0,0.0,0.0,0.0,0.0,1.0,0
1.3887164521663933,-0.8008911231977932,-0.8308026154242374,1.8721924698401056,-0.5455028376777187,-0.04764065826123979,-0.7627989486541282,1.0005624005214266,0.3767432184321022,0.0,0.0,0.0,0.0,0.0,0.0,0.0,0.0,0.0,0.0,0.0,0.0,0.0,0.0,0.0,0.0,0.0,0.0,1.0,0
-1.7595489804981423,-0.08801639849714649,1.5667199146253714,-0.3266518591173813,-1.5147595739637423,-1.0004538234860347,2.0279289122756095,1.0005624005214266,1.2084059522778021,0.0,0.0,0.0,0.0,0.0,0.0,0.0,0.0,0.0,0.0,0.0,0.0,0.0,0.0,0.0,0.0,0.0,0.0,1.0,1
1.4991819059440963,0.2740639541759665,1.4328157307662177,0.08433798709915635,-1.1201948848561576,-1.0004538234860347,-0.7627989486541282,1.0005624005214266,1.2084059522778021,0.0,0.0,0.0,0.0,0.0,0.0,0.0,0.0,0.0,0.0,0.0,0.0,0.0,0.0,0.0,0.0,0.0,0.0,1.0,0
1.1125528177221358,1.576120522499639,0.8334350982538155,-0.5743351953985464,1.4273206078602052,-1.0004538234860347,-0.7627989486541282,-1.5682755982498873,-1.2865822492592978,0.0,0.0,0.0,0.0,0.0,0.0,0.0,0.0,0.0,0.0,0.0,0.0,0.0,0.0,0.0,0.0,0.0,0.0,1.0,0
-1.0967562578319243,0.6784549934533314,-0.49923035063014254,-0.5077039223054657,-1.4547171212734578,-1.0004538234860347,1.097686291965697,1.0005624005214266,-1.2865822492592978,0.0,0.0,0.0,0.0,0.0,0.0,0.0,0.0,0.0,0.0,0.0,0.0,0.0,0.0,0.0,0.0,0.0,0.0,1.0,1
1.5544146328329478,0.0045160334811625465,-0.39083172560130386,-0.3032395119779083,0.24362654053745092,-0.04764065826123979,-0.7627989486541282,1.0005624005214266,1.2084059522778021,0.0,0.0,0.0,0.0,0.0,0.0,0.0,0.0,0.0,0.0,0.0,0.0,0.0,0.0,0.0,0.0,0.0,0.0,1.0,1
-0.8205926233876667,0.23334744530868862,-0.10389418876026024,0.9950598154959189,0.9298259998549897,-0.04764065826123979,2.0279289122756095,-0.2838565988642303,-1.2865822492592978,0.0,0.0,0.0,0.0,0.0,0.0,0.0,0.0,0.0,0.0,0.0,0.0,0.0,0.0,1.0,0.0,0.0,0.0,0.0,0
1.3887164521663933,1.5058113656408,-1.366419350860852,-0.67588176058472,0.3465564594350817,-0.04764065826123979,1.097686291965697,1.0005624005214266,1.2084059522778021,0.0,0.0,0.0,0.0,0.0,0.0,0.0,0.0,0.0,0.0,0.0,0.0,0.0,0.0,0.0,0.0,0.0,0.0,1.0,0
0.3392946412782148,0.21957820152157623,-1.3600429611532734,0.10041357591539608,0.020611716259250682,-0.04764065826123979,1.097686291965697,-0.2838565988642303,1.2084059522778021,0.0,0.0,0.0,0.0,0.0,0.0,0.0,0.0,0.0,0.0,0.0,0.0,0.0,0.0,0.0,0.0,0.0,0.0,1.0,1
1.1677855446109873,1.0833079454083183,-1.0539762551894936,-0.27793139082850077,-0.6741652362997572,-0.04764065826123979,-0.7627989486541282,-0.2838565988642303,1.2084059522778021,0.0,0.0,0.0,0.0,0.0,0.0,0.0,0.0,0.0,0.0,0.0,0.0,0.0,0.0,0.0,0.0,0.0,0.0,1.0,1
-1.7043162536092908,0.0008559078383655314,-0.0007319322488577413,-0.3217425537088719,-1.137349871339096,1.8579856721883499,-0.7627989486541282,2.2849813999070836,-1.2865822492592978,0.0,0.0,0.0,0.0,0.0,0.0,0.0,0.0,0.0,0.0,0.0,0.0,0.0,0.0,0.0,0.0,0.0,0.0,1.0,1
0.5602255488336209,0.09605451687043803,-1.0603526448970721,-0.9403324841026423,-1.4118296550661116,0.9051725069635551,-0.7627989486541282,-0.2838565988642303,-0.4549195154135979,0.0,0.0,0.0,0.0,0.0,0.0,0.0,0.0,0.0,0.0,0.0,0.0,0.0,0.0,0.0,0.0,0.0,0.0,1.0,0
-0.37873080827685474,-1.6819007758880606,0.6357670173188744,-0.30729792585732424,0.07207667570806622,-0.04764065826123979,-0.7627989486541282,-0.2838565988642303,0.3767432184321022,0.0,0.0,0.0,0.0,0.0,0.0,0.0,0.0,0.0,0.0,0.0,0.0,0.0,0.0,0.0,0.0,0.0,0.0,1.0,1
1.6096473597217993,0.1515535180864642,-1.245267946416856,0.8686998574076513,-0.8199826214047343,-1.0004538234860347,0.1674436716557843,-0.2838565988642303,-1.2865822492592978,0.0,0.0,0.0,0.0,0.0,0.0,0.0,0.0,0.0,0.0,0.0,0.0,0.0,0.0,0.0,0.0,0.0,0.0,1.0,1
-1.4833853460538848,0.3853932728043644,-1.7872610715610493,0.2039205787620869,1.6503354321384054,0.9051725069635551,-0.7627989486541282,-1.5682755982498873,-0.4549195154135979,0.0,0.0,0.0,0.0,0.0,0.0,0.0,0.0,0.0,0.0,0.0,0.0,0.0,0.0,0.0,0.0,0.0,0.0,1.0,1
-0.7653598964988152,0.0681158765309189,-1.4620651964745333,0.3783317876760638,0.7754311215085434,-1.0004538234860347,1.097686291965697,-0.2838565988642303,1.2084059522778021,0.0,0.0,0.0,0.0,0.0,0.0,0.0,0.0,0.0,0.0,0.0,0.0,0.0,0.0,0.0,0.0,0.0,0.0,1.0,0
1.0020873639444328,-0.6317866932511026,-1.4875707553048483,0.06293534516350147,0.8612060539232358,-1.0004538234860347,-0.7627989486541282,-1.5682755982498873,-0.4549195154135979,0.0,0.0,0.0,0.0,0.0,0.0,0.0,0.0,0.0,0.0,0.0,0.0,0.0,0.0,0.0,0.0,0.0,0.0,1.0,1
0.007898279945105802,-0.2866111865806042,-0.084765019637524,-0.48378145081139734,-0.9829549929926498,1.8579856721883499,-0.7627989486541282,1.0005624005214266,-1.2865822492592978,0.0,0.0,0.0,0.0,0.0,0.0,0.0,0.0,0.0,0.0,0.0,0.0,0.0,0.0,0.0,0.0,0.0,0.0,1.0,1
1.2230182714998388,-1.116463045225589,0.9864684512357055,-0.5097659742740409,-0.734207688990042,1.8579856721883499,2.0279289122756095,1.0005624005214266,-1.2865822492592978,0.0,0.0,0.0,0.0,0.0,0.0,0.0,0.0,0.0,0.0,0.0,0.0,0.0,0.0,0.0,0.0,0.0,0.0,1.0,0
-0.8758253502765182,0.8414747853708432,1.4710740690116901,0.49875192757511033,-1.5233370672052118,0.9051725069635551,0.1674436716557843,-1.5682755982498873,-1.2865822492592978,0.0,0.0,0.0,0.0,0.0,0.0,0.0,0.0,0.0,0.0,0.0,0.0,0.0,0.0,0.0,0.0,0.0,0.0,1.0,0
-0.32349808138800323,-0.18639093218226133,-1.7234971744852619,3.525243769259586,1.3501231686869821,-1.0004538234860347,-0.7627989486541282,1.0005624005214266,1.2084059522778021,0.0,0.0,0.0,0.0,0.0,0.0,0.0,0.0,0.0,0.0,0.0,0.0,0.0,0.0,0.0,0.0,0.0,0.0,1.0,1
-0.26826535449915173,-0.7914540799275439,-1.1815040493410685,1.8496895194373957,-1.2402797902367269,0.9051725069635551,-0.7627989486541282,-1.5682755982498873,-1.2865822492592978,0.0,0.0,0.0,0.0,0.0,0.0,0.0,0.0,0.0,0.0,0.0,0.0,0.0,0.0,0.0,0.0,0.0,0.0,1.0,0
-0.8205926233876667,0.8325388980558415,1.5412143557950564,-0.4167006113856956,-0.5969677971265342,-0.04764065826123979,2.0279289122756095,-0.2838565988642303,0.3767432184321022,0.0,0.0,0.0,0.0,0.0,0.0,0.0,0.0,0.0,0.0,0.0,0.0,0.0,0.0,0.0,0.0,0.0,0.0,1.0,1
0.4497600950559178,0.2159067034001423,1.094867076264544,1.9845440231164693,0.6982336823353205,-1.0004538234860347,1.097686291965697,1.0005624005214266,-0.4549195154135979,0.0,0.0,0.0,0.0,0.0,0.0,0.0,0.0,0.0,0.0,0.0,0.0,0.0,0.0,0.0,0.0,0.0,0.0,1.0,1
0.7259237295001754,0.5614431195583094,-1.5832166009185293,-0.5613737258817876,-1.4804496009978656,-1.0004538234860347,0.1674436716557843,-1.5682755982498873,-1.2865822492592978,0.0,0.0,0.0,0.0,0.0,0.0,0.0,0.0,0.0,0.0,0.0,0.0,0.0,0.0,0.0,0.0,0.0,0.0,1.0,1
-0.9310580771653697,-1.069486911910869,-0.6076289756589812,-0.7350726082322049,0.43233139184977404,-1.0004538234860347,1.097686291965697,-0.2838565988642303,-1.2865822492592978,0.0,0.0,0.0,0.0,0.0,0.0,0.0,0.0,0.0,0.0,0.0,0.0,0.0,0.0,0.0,0.0,0.0,0.0,1.0,0
-0.8205926233876667,0.23548588227305617,1.145878193925174,-0.061357428920430425,0.48379635129858956,-0.04764065826123979,-0.7627989486541282,-1.5682755982498873,1.2084059522778021,0.0,0.0,0.0,0.0,0.0,0.0,0.0,0.0,0.0,0.0,0.0,0.0,0.0,0.0,0.0,0.0,0.0,0.0,1.0,0
-1.0967562578319243,-0.23213058058557468,1.5922254734556864,-0.7961027774962587,1.3415456754455128,-1.0004538234860347,2.0279289122756095,1.0005624005214266,0.3767432184321022,0.0,0.0,0.0,0.0,0.0,0.0,0.0,0.0,0.0,0.0,0.0,0.0,0.0,0.0,0.0,0.0,0.0,0.0,1.0,1
-1.7595489804981423,-0.7101986219409321,-0.4673484020922488,-0.09369643906174457,1.590292979448121,-1.0004538234860347,-0.7627989486541282,-0.2838565988642303,-1.2865822492592978,0.0,0.0,0.0,0.0,0.0,0.0,0.0,0.0,0.0,0.0,0.0,0.0,0.0,0.0,0.0,0.0,0.0,0.0,1.0,1
-1.4281526191650333,-0.651255218947762,1.6623657602390525,-0.31797153383204496,1.2214607700649436,-1.0004538234860347,1.097686291965697,1.0005624005214266,-0.4549195154135979,0.0,0.0,0.0,0.0,0.0,0.0,0.0,0.0,0.0,0.0,0.0,0.0,0.0,0.0,0.0,0.0,0.0,0.0,1.0,1
1.1125528177221358,0.7368303339195649,-0.059259460807209015,-0.5762792105446297,1.307235702479636,-1.0004538234860347,-0.7627989486541282,1.0005624005214266,-1.2865822492592978,0.0,0.0,0.0,0.0,0.0,0.0,0.0,0.0,0.0,0.0,0.0,0.0,0.0,0.0,0.0,0.0,0.0,0.0,1.0,1
-1.0967562578319243,1.4648253004895062,0.7441656423477131,-1.0278449842981094,-0.9143350470608959,-1.0004538234860347,-0.7627989486541282,-0.2838565988642303,1.2084059522778021,0.0,0.0,0.0,0.0,0.0,0.0,0.0,0.0,0.0,0.0,0.0,0.0,0.0,0.0,0.0,0.0,0.0,0.0,1.0,0
-0.9862908040542212,-0.9265886280964044,-1.6724860568246318,-0.8776138750733787,-1.0515749389244036,-0.04764065826123979,-0.7627989486541282,-0.2838565988642303,-1.2865822492592978,0.0,0.0,0.0,0.0,0.0,0.0,0.0,0.0,0.0,0.0,0.0,0.0,0.0,0.0,0.0,0.0,0.0,0.0,1.0,0
0.06313100683395731,0.5111255176536599,1.1841365321706465,-0.8263787092618454,1.4530530875846133,0.9051725069635551,-0.7627989486541282,-1.5682755982498873,-1.2865822492592978,0.0,0.0,0.0,0.0,0.0,0.0,0.0,0.0,0.0,0.0,0.0,0.0,0.0,0.0,0.0,0.0,0.0,0.0,1.0,0
-0.6548944427211122,-1.1206183293269278,0.02363360539131469,-0.989354716094241,-1.497604587480804,-1.0004538234860347,-0.7627989486541282,-1.5682755982498873,-0.4549195154135979,0.0,0.0,0.0,0.0,0.0,0.0,0.0,0.0,0.0,0.0,0.0,0.0,0.0,0.0,0.0,0.0,0.0,0.0,1.0,1
1.2230182714998388,-1.5971185695745345,-1.2771498949547495,-1.051809538485414,1.307235702479636,-0.04764065826123979,-0.7627989486541282,1.0005624005214266,1.2084059522778021,0.0,0.0,0.0,0.0,0.0,0.0,0.0,0.0,0.0,0.0,0.0,0.0,0.0,0.0,0.0,0.0,0.0,0.0,1.0,0
-0.7653598964988152,-0.26251195412416206,1.0884906865569655,1.8116837154093202,1.590292979448121,0.9051725069635551,1.097686291965697,1.0005624005214266,0.3767432184321022,0.0,0.0,0.0,0.0,0.0,0.0,0.0,0.0,0.0,0.0,0.0,0.0,0.0,0.0,0.0,0.0,0.0,0.0,1.0,1
0.9468546370555814,-0.755251191319593,1.1076198556797017,-0.3354871718826853,-0.23671308098482638,0.9051725069635551,1.097686291965697,-0.2838565988642303,-0.4549195154135979,0.0,0.0,0.0,0.0,0.0,0.0,0.0,0.0,0.0,0.0,0.0,0.0,0.0,0.0,0.0,0.0,0.0,0.0,1.0,1
-1.4833853460538848,-0.6532553394418114,0.6102614584885594,-0.9608493366660322,0.423753898608305,0.9051725069635551,0.1674436716557843,-0.2838565988642303,-0.4549195154135979,0.0,0.0,0.0,0.0,0.0,0.0,0.0,0.0,0.0,0.0,0.0,0.0,0.0,0.0,0.0,0.0,0.0,0.0,1.0,1
1.6096473597217993,0.783893960443417,0.6867781349795044,-0.22781090318415154,-0.15093814857013402,-1.0004538234860347,-0.7627989486541282,-1.5682755982498873,1.2084059522778021,0.0,0.0,0.0,0.0,0.0,0.0,0.0,0.0,0.0,0.0,0.0,0.0,0.0,0.0,0.0,0.0,0.0,0.0,1.0,1
-0.7101271696099637,-0.3449138304833681,1.67511853965421,-0.3618206737770439,1.5302505267578361,0.9051725069635551,2.0279289122756095,-0.2838565988642303,0.3767432184321022,0.0,0.0,0.0,0.0,0.0,0.0,0.0,0.0,0.0,0.0,0.0,0.0,0.0,0.0,0.0,0.0,0.0,0.0,1.0,1
1.0573200908332843,1.1916715015801174,-0.02737751226931528,3.4509154689328843,1.4530530875846133,-0.04764065826123979,-0.7627989486541282,2.2849813999070836,-1.2865822492592978,0.0,0.0,0.0,0.0,0.0,0.0,0.0,0.0,0.0,0.0,0.0,0.0,0.0,0.0,0.0,0.0,0.0,0.0,1.0,1
-0.0473344469437457,-1.705569618955465,1.4710740690116901,-0.3043685598452218,1.0499109052355589,0.9051725069635551,-0.7627989486541282,-1.5682755982498873,1.2084059522778021,0.0,0.0,0.0,0.0,0.0,0.0,0.0,0.0,0.0,0.0,0.0,0.0,0.0,0.0,0.0,0.0,0.0,0.0,1.0,0
0.9468546370555814,0.4565786484193611,1.3945573925207453,-1.0035642967079572,-0.8457151011291419,-1.0004538234860347,1.097686291965697,1.0005624005214266,0.3767432184321022,0.0,0.0,0.0,0.0,0.0,0.0,0.0,0.0,0.0,0.0,0.0,0.0,0.0,0.0,0.0,0.0,0.0,0.0,1.0,1
-0.32349808138800323,-1.5835178788814848,0.7314128629325556,0.6409267670629833,-0.18524812153601083,-1.0004538234860347,-0.7627989486541282,-0.2838565988642303,-1.2865822492592978,0.0,0.0,0.0,0.0,0.0,0.0,0.0,0.0,0.0,0.0,0.0,0.0,0.0,0.0,0.0,0.0,0.0,0.0,1.0,1
-0.37873080827685474,-0.4602311667838824,-0.42909006384677634,0.12695954409023996,-1.20596981727085,-0.04764065826123979,-0.7627989486541282,-0.2838565988642303,1.2084059522778021,0.0,0.0,0.0,0.0,0.0,0.0,0.0,0.0,0.0,0.0,0.0,0.0,0.0,0.0,0.0,0.0,0.0,0.0,1.0,1
-1.3176871653873303,-0.9281036759457079,0.43172254667635446,0.4623483451114676,-1.2488572834781961,0.9051725069635551,-0.7627989486541282,-0.2838565988642303,-1.2865822492592978,0.0,0.0,0.0,0.0,0.0,0.0,0.0,0.0,0.0,0.0,0.0,0.0,0.0,0.0,0.0,0.0,0.0,0.0,1.0,0
-0.4891962620545577,-1.4049641823485628,1.3626754439828515,-0.5100400249836524,-1.471872107756396,-1.0004538234860347,1.097686291965697,1.0005624005214266,1.2084059522778021,0.0,0.0,0.0,0.0,0.0,0.0,0.0,0.0,0.0,0.0,0.0,0.0,0.0,0.0,0.0,0.0,0.0,0.0,1.0,1
-1.5386180729427363,0.22573167611970418,0.7122836938098194,-1.0436557600691065,1.7618428442775058,-0.04764065826123979,-0.7627989486541282,1.0005624005214266,-1.2865822492592978,0.0,0.0,0.0,0.0,0.0,0.0,0.0,0.0,0.0,0.0,0.0,0.0,0.0,0.0,0.0,0.0,0.0,0.0,1.0,0
-0.6548944427211122,-0.9222249042909572,0.31057114223235827,-0.6776615505864669,-0.4854603849874341,-0.04764065826123979,-0.7627989486541282,-0.2838565988642303,0.3767432184321022,0.0,0.0,0.0,0.0,0.0,0.0,0.0,0.0,0.0,0.0,0.0,0.0,0.0,0.0,0.0,0.0,0.0,0.0,1.0,1
-1.6490835267204393,-0.1210199949800063,0.8525642673765518,-0.5639058723260261,-1.3603646956172961,-0.04764065826123979,-0.7627989486541282,-1.5682755982498873,0.3767432184321022,0.0,0.0,0.0,0.0,0.0,0.0,0.0,0.0,0.0,0.0,0.0,0.0,0.0,0.0,0.0,0.0,0.0,0.0,1.0,1
-1.6490835267204393,2.212101583021862,0.5528739511203506,-0.5438704047169725,1.0756433849599667,-0.04764065826123979,-0.7627989486541282,-0.2838565988642303,0.3767432184321022,0.0,0.0,0.0,0.0,0.0,0.0,0.0,0.0,0.0,0.0,0.0,0.0,0.0,0.0,0.0,0.0,0.0,0.0,1.0,1
-0.4891962620545577,0.813673818169223,-0.32706782852551636,0.40844554711161823,-0.8971800605779574,-0.04764065826123979,-0.7627989486541282,1.0005624005214266,1.2084059522778021,0.0,0.0,0.0,0.0,0.0,0.0,0.0,0.0,0.0,0.0,0.0,0.0,0.0,0.0,0.0,0.0,0.0,0.0,1.0,0
0.007898279945105802,0.1773929647392406,1.375428223398009,1.279779001046422,-0.23671308098482638,-1.0004538234860347,0.1674436716557843,1.0005624005214266,-0.4549195154135979,0.0,0.0,0.0,0.0,0.0,0.0,0.0,0.0,0.0,0.0,0.0,0.0,0.0,0.0,0.0,0.0,0.0,0.0,1.0,0
-0.26826535449915173,-1.5494457072488605,0.13203223042015338,-0.5750854990267337,-0.811405128163265,-1.0004538234860347,-0.7627989486541282,-0.2838565988642303,0.3767432184321022,0.0,0.0,0.0,0.0,0.0,0.0,0.0,0.0,0.0,0.0,0.0,0.0,0.0,0.0,0.0,0.0,0.0,0.0,1.0,1
1.0020873639444328,-0.07132899885252146,-0.084765019637524,-0.45345727790966167,-0.5540803309191881,-1.0004538234860347,1.097686291965697,-0.2838565988642303,-1.2865822492592978,0.0,0.0,0.0,0.0,0.0,0.0,0.0,0.0,0.0,0.0,0.0,0.0,0.0,0.0,0.0,0.0,0.0,0.0,1.0,0
-0.7653598964988152,1.4923740813824526,-1.1623748802183322,0.14241415657945736,1.1785733038575974,0.9051725069635551,-0.7627989486541282,1.0005624005214266,1.2084059522778021,0.0,0.0,0.0,0.0,0.0,0.0,0.0,0.0,0.0,0.0,0.0,0.0,0.0,0.0,0.0,0.0,0.0,0.0,1.0,1
-0.1577999007214487,-0.5203061915039845,-1.015717916944021,0.09125494489717965,0.8612060539232358,0.9051725069635551,-0.7627989486541282,-0.2838565988642303,-1.2865822492592978,0.0,0.0,0.0,0.0,0.0,0.0,0.0,0.0,0.0,0.0,0.0,0.0,0.0,0.0,0.0,0.0,0.0,0.0,1.0,0
0.5049928219447694,0.4129375503703697,1.5922254734556864,-0.720098354290172,0.5438388039888742,0.9051725069635551,-0.7627989486541282,-0.2838565988642303,-1.2865822492592978,0.0,0.0,0.0,0.0,0.0,0.0,0.0,0.0,0.0,0.0,0.0,0.0,0.0,0.0,0.0,0.0,0.0,0.0,1.0,0
-0.0473344469437457,0.8928275091394122,0.9864684512357055,-0.8725547142206623,1.590292979448121,-0.04764065826123979,-0.7627989486541282,1.0005624005214266,0.3767432184321022,0.0,0.0,0.0,0.0,0.0,0.0,0.0,0.0,0.0,0.0,0.0,0.0,0.0,0.0,0.0,0.0,0.0,0.0,1.0,0
-0.0473344469437457,0.7985008230414818,-1.1113637625577022,-0.8541656036835822,0.38944392564242786,-0.04764065826123979,1.097686291965697,1.0005624005214266,1.2084059522778021,0.0,0.0,0.0,0.0,0.0,0.0,0.0,0.0,0.0,0.0,0.0,0.0,0.0,0.0,0.0,0.0,0.0,0.0,1.0,1
-1.5938507998315878,0.6042530321205485,-0.7797914977636073,2.6254665203256997,-1.3775196821002345,-0.04764065826123979,2.0279289122756095,2.2849813999070836,-1.2865822492592978,0.0,0.0,0.0,0.0,0.0,0.0,0.0,0.0,0.0,0.0,0.0,0.0,0.0,0.0,0.0,0.0,0.0,0.0,1.0,1
-0.5444289889434092,-0.9649691969463476,-0.7734151080560286,1.9191300689057829,1.15284082413319,-1.0004538234860347,2.0279289122756095,-0.2838565988642303,-1.2865822492592978,0.0,0.0,0.0,0.0,0.0,0.0,0.0,0.0,0.0,0.0,0.0,0.0,0.0,0.0,0.0,0.0,0.0,0.0,1.0,1
-0.0473344469437457,-1.3142491644569982,-1.143245711095596,0.3605318348442908,-1.4547171212734578,-0.04764065826123979,1.097686291965697,-0.2838565988642303,0.3767432184321022,0.0,0.0,0.0,0.0,0.0,0.0,0.0,0.0,0.0,0.0,0.0,0.0,0.0,0.0,0.0,0.0,0.0,0.0,1.0,0
-1.3729198922761818,-0.6500766339541635,1.477450458719269,0.3701872469241252,-0.8457151011291419,-1.0004538234860347,1.097686291965697,-0.2838565988642303,0.3767432184321022,0.0,0.0,0.0,0.0,0.0,0.0,0.0,0.0,0.0,0.0,0.0,0.0,0.0,0.0,0.0,0.0,0.0,0.0,1.0,1
0.6706910026113239,-0.8927821527532759,0.418969767261197,-0.4734208970180681,0.7496986417841357,-1.0004538234860347,-0.7627989486541282,-1.5682755982498873,-1.2865822492592978,0.0,0.0,0.0,0.0,0.0,0.0,0.0,0.0,0.0,0.0,0.0,0.0,0.0,0.0,0.0,0.0,0.0,0.0,1.0,0
0.8916219101667299,0.8512611581452,-0.9264484610379186,-0.844821192970835,-0.5883903038850649,-0.04764065826123979,-0.7627989486541282,-0.2838565988642303,1.2084059522778021,0.0,0.0,0.0,0.0,0.0,0.0,0.0,0.0,0.0,0.0,0.0,0.0,0.0,0.0,0.0,0.0,0.0,0.0,1.0,1
0.22882918750051182,-2.292827898642432,1.6113546425784226,-0.9225407425280862,-0.08231820263838008,-0.04764065826123979,0.1674436716557843,-1.5682755982498873,0.3767432184321022,0.0,0.0,0.0,0.0,0.0,0.0,0.0,0.0,0.0,0.0,0.0,0.0,0.0,0.0,0.0,0.0,0.0,0.0,1.0,1
-0.37873080827685474,0.41905371168813255,0.7377892526401343,-0.8669915874562631,-0.42541793229714947,-1.0004538234860347,1.097686291965697,1.0005624005214266,1.2084059522778021,0.0,0.0,0.0,0.0,0.0,0.0,0.0,0.0,0.0,0.0,0.0,0.0,0.0,0.0,0.0,0.0,0.0,0.0,1.0,0
1.6096473597217993,-1.8060369130031213,1.6368602014087377,-0.7890061984466173,-0.5969677971265342,0.9051725069635551,2.0279289122756095,1.0005624005214266,1.2084059522778021,0.0,0.0,0.0,0.0,0.0,0.0,0.0,0.0,0.0,0.0,0.0,0.0,0.0,0.0,0.0,0.0,0.0,0.0,1.0,1
-1.6490835267204393,0.0008559078383655314,0.8015531497159217,-0.8170538002849883,1.3158131957211054,2.810798837413145,-0.7627989486541282,-0.2838565988642303,-1.2865822492592978,0.0,0.0,0.0,0.0,0.0,0.0,0.0,0.0,0.0,0.0,0.0,0.0,0.0,0.0,0.0,0.0,0.0,0.0,1.0,1
0.3945273681670663,0.0919629226786872,1.273405988076749,-0.6434236872137619,-0.06516321615544167,0.9051725069635551,-0.7627989486541282,1.0005624005214266,0.3767432184321022,0.0,0.0,0.0,0.0,0.0,0.0,0.0,0.0,0.0,0.0,0.0,0.0,0.0,0.0,0.0,0.0,0.0,0.0,1.0,0
1.4439491790552448,1.8447536244930804,-0.9264484610379186,-0.35218065780449104,-1.3260547226514192,0.9051725069635551,2.0279289122756095,-0.2838565988642303,-1.2865822492592978,0.0,0.0,0.0,0.0,0.0,0.0,0.0,0.0,0.0,0.0,0.0,0.0,0.0,0.0,0.0,0.0,0.0,0.0,1.0,0
1.5544146328329478,-0.9528578208057982,0.795176760008343,-0.9322875048444575,1.4015881281357978,-0.04764065826123979,2.0279289122756095,-0.2838565988642303,1.2084059522778021,0.0,0.0,0.0,0.0,0.0,0.0,0.0,0.0,0.0,0.0,0.0,0.0,0.0,0.0,0.0,0.0,0.0,0.0,1.0,0
-0.7101271696099637,-0.5623460351593804,1.681494929361789,1.869292869635414,-0.5626578241606572,-0.04764065826123979,0.1674436716557843,2.2849813999070836,-1.2865822492592978,0.0,0.0,0.0,0.0,0.0,0.0,0.0,0.0,0.0,0.0,0.0,0.0,0.0,0.0,0.0,0.0,0.0,0.0,1.0,1
-0.5444289889434092,0.0008559078383655314,-0.0007319322488577413,1.2060778354896549,1.0241784255111515,0.9051725069635551,2.0279289122756095,-0.2838565988642303,-1.2865822492592978,0.0,0.0,0.0,0.0,0.0,0.0,0.0,0.0,0.0,0.0,0.0,0.0,0.0,0.0,0.0,0.0,0.0,0.0,1.0,1
0.9468546370555814,-0.5335247427395029,0.7569184217628705,0.9234638110081153,0.7239661620597282,-1.0004538234860347,1.097686291965697,1.0005624005214266,0.3767432184321022,0.0,0.0,0.0,0.0,0.0,0.0,0.0,0.0,0.0,0.0,0.0,0.0,0.0,0.0,0.0,0.0,0.0,0.0,1.0,0
0.8916219101667299,0.18205390812276795,1.5667199146253714,3.0662827319752033,-1.4890270942393347,-1.0004538234860347,-0.7627989486541282,-0.2838565988642303,1.2084059522778021,0.0,0.0,0.0,0.0,0.0,0.0,0.0,0.0,0.0,0.0,0.0,0.0,0.0,0.0,0.0,0.0,0.0,0.0,1.0,1
1.3887164521663933,0.9608238859480404,-0.6395109241968749,-0.11163598326620362,1.4358981011016745,-0.04764065826123979,1.097686291965697,-0.2838565988642303,-1.2865822492592978,0.0,0.0,0.0,0.0,0.0,0.0,0.0,0.0,0.0,0.0,0.0,0.0,0.0,0.0,0.0,0.0,0.0,0.0,1.0,1
-0.6548944427211122,1.376577462428974,0.4636044952142482,-0.41160142065404703,0.3379789661936126,-1.0004538234860347,-0.7627989486541282,-1.5682755982498873,0.3767432184321022,0.0,0.0,0.0,0.0,0.0,0.0,0.0,0.0,0.0,0.0,0.0,0.0,0.0,0.0,0.0,0.0,0.0,0.0,1.0,0
1.0020873639444328,-0.3371488081729236,-1.3409137920305372,1.0551056603011055,0.32082397971067395,-1.0004538234860347,-0.7627989486541282,1.0005624005214266,0.3767432184321022,0.0,0.0,0.0,0.0,0.0,0.0,0.0,0.0,0.0,0.0,0.0,0.0,0.0,0.0,0.0,0.0,0.0,0.0,1.0,1
1.2782509983886903,-1.834056613227571,1.0183503997735992,-0.957664395273056,1.1957282903405362,-0.04764065826123979,-0.7627989486541282,-1.5682755982498873,1.2084059522778021,0.0,0.0,0.0,0.0,0.0,0.0,0.0,0.0,0.0,0.0,0.0,0.0,0.0,0.0,0.0,0.0,0.0,0.0,1.0,0
1.1125528177221358,-0.03535577991854143,1.5858490837481076,-0.16425885154738024,0.48379635129858956,-0.04764065826123979,2.0279289122756095,-0.2838565988642303,-1.2865822492592978,0.0,0.0,0.0,0.0,0.0,0.0,0.0,0.0,0.0,0.0,0.0,0.0,0.0,0.0,0.0,0.0,0.0,0.0,1.0,1
-0.9310580771653697,2.237755106605233,-0.5757470271210875,-0.7250343462846361,0.904093520130582,-0.04764065826123979,0.1674436716557843,-0.2838565988642303,1.2084059522778021,0.0,0.0,0.0,0.0,0.0,0.0,0.0,0.0,0.0,0.0,0.0,0.0,0.0,0.0,0.0,0.0,0.0,0.0,1.0,1
-0.1025671738325972,0.0008559078383655314,1.7006240984845251,-0.5101785899491863,1.6760679118628135,2.810798837413145,1.097686291965697,2.2849813999070836,1.2084059522778021,0.0,0.0,0.0,0.0,0.0,0.0,0.0,0.0,0.0,0.0,0.0,0.0,0.0,0.0,0.0,0.0,0.0,0.0,1.0,1
-1.5386180729427363,-1.069158812376625,0.34245309077025204,0.06004498262317899,-1.5576470401710885,-1.0004538234860347,-0.7627989486541282,-0.2838565988642303,1.2084059522778021,0.0,0.0,0.0,0.0,0.0,0.0,0.0,0.0,0.0,0.0,0.0,0.0,0.0,0.0,0.0,0.0,0.0,0.0,1.0,1
-1.4833853460538848,-1.2211017066850867,1.2861587674919066,0.19870232480079444,1.4959405537919594,-1.0004538234860347,-0.7627989486541282,-0.2838565988642303,-1.2865822492592978,0.0,0.0,0.0,0.0,0.0,0.0,0.0,0.0,0.0,0.0,0.0,0.0,0.0,0.0,0.0,0.0,0.0,0.0,1.0,1
-1.6490835267204393,-0.258371466668485,1.3881810028131665,-0.31428262652738626,-1.3432097091343576,-0.04764065826123979,-0.7627989486541282,-0.2838565988642303,-1.2865822492592978,0.0,0.0,0.0,0.0,0.0,0.0,0.0,0.0,0.0,0.0,0.0,0.0,0.0,0.0,0.0,0.0,0.0,0.0,1.0,1
0.4497600950559178,-0.5460877382389531,0.7314128629325556,1.469772096936477,0.4580638715741818,-1.0004538234860347,2.0279289122756095,2.2849813999070836,1.2084059522778021,0.0,0.0,0.0,0.0,0.0,0.0,0.0,0.0,0.0,0.0,0.0,0.0,0.0,0.0,0.0,0.0,0.0,0.0,1.0,1
1.0573200908332843,-0.5067878473607059,-0.3589497770634101,0.16147145817255668,1.0327559187526205,-1.0004538234860347,0.1674436716557843,1.0005624005214266,0.3767432184321022,0.0,0.0,0.0,0.0,0.0,0.0,0.0,0.0,0.0,0.0,0.0,0.0,0.0,0.0,0.0,0.0,0.0,0.0,1.0,1
-0.32349808138800323,-0.8989131107167009,1.649612980823895,0.3787310600582318,-0.20240310801894926,0.9051725069635551,-0.7627989486541282,1.0005624005214266,1.2084059522778021,0.0,0.0,0.0,0.0,0.0,0.0,0.0,0.0,0.0,0.0,0.0,0.0,0.0,0.0,0.0,0.0,0.0,0.0,1.0,0
-0.37873080827685474,0.23899912061914888,-0.0975177990526815,-1.0531346301187792,-0.5283478511947802,-1.0004538234860347,-0.7627989486541282,-0.2838565988642303,-1.2865822492592978,0.0,0.0,0.0,0.0,0.0,0.0,0.0,0.0,0.0,0.0,0.0,0.0,0.0,0.0,0.0,0.0,0.0,0.0,1.0,1
-1.7043162536092908,0.0008559078383655314,-0.5119831300453,-0.32211513950508536,0.6896561890938511,2.810798837413145,1.097686291965697,-0.2838565988642303,-1.2865822492592978,0.0,0.0,0.0,0.0,0.0,0.0,0.0,0.0,0.0,0.0,0.0,0.0,0.0,0.0,0.0,0.0,0.0,0.0,1.0,1
-0.4339635351657062,-0.03336402274595352,1.528461576379899,0.5004075223114528,1.7532653510360365,-0.04764065826123979,-0.7627989486541282,-0.2838565988642303,0.3767432184321022,0.0,0.0,0.0,0.0,0.0,0.0,0.0,0.0,0.0,0.0,0.0,0.0,0.0,0.0,0.0,0.0,0.0,0.0,1.0,0
0.2840619143893633,-0.7237369093892336,-1.6661096671170532,0.5904747499085048,-1.1201948848561576,-1.0004538234860347,-0.7627989486541282,-0.2838565988642303,1.2084059522778021,0.0,0.0,0.0,0.0,0.0,0.0,0.0,0.0,0.0,0.0,0.0,0.0,0.0,0.0,0.0,0.0,0.0,0.0,1.0,0
1.0573200908332843,0.2381808017807987,0.6612725761491893,-0.6175376988377203,0.4752188580571202,-1.0004538234860347,1.097686291965697,-0.2838565988642303,-1.2865822492592978,0.0,0.0,0.0,0.0,0.0,0.0,0.0,0.0,0.0,0.0,0.0,0.0,0.0,0.0,0.0,0.0,0.0,0.0,1.0,1
-0.26826535449915173,0.15731134324623883,0.9099517747447604,-0.9301197329392158,1.0413334119940898,-1.0004538234860347,-0.7627989486541282,-0.2838565988642303,1.2084059522778021,0.0,0.0,0.0,0.0,0.0,0.0,0.0,0.0,0.0,0.0,0.0,0.0,0.0,0.0,0.0,0.0,0.0,0.0,1.0,1
-0.4339635351657062,1.3982114450516445,0.04276277451405093,0.35565640087180084,0.21789406081304316,-0.04764065826123979,-0.7627989486541282,-0.2838565988642303,-1.2865822492592978,0.0,0.0,0.0,0.0,0.0,0.0,0.0,0.0,0.0,0.0,0.0,0.0,0.0,0.0,0.0,0.0,0.0,0.0,1.0,0
0.8363891832778784,0.0008559078383655314,1.0055976203584416,0.47784504029392105,-1.6434219725857808,2.810798837413145,-0.7627989486541282,-0.2838565988642303,-0.4549195154135979,0.0,0.0,0.0,0.0,0.0,0.0,0.0,0.0,0.0,0.0,0.0,0.0,0.0,0.0,0.0,0.0,0.0,0.0,1.0,0
-0.0473344469437457,0.7362185247880629,0.3870878187233032,2.8165209212110294,0.09780915543247398,-0.04764065826123979,-0.7627989486541282,1.0005624005214266,1.2084059522778021,0.0,0.0,0.0,0.0,0.0,0.0,0.0,0.0,0.0,0.0,0.0,0.0,0.0,0.0,0.0,0.0,0.0,0.0,1.0,1
0.11836373372280881,-1.7661361496445132,-0.040130291684472776,-0.13277894419237654,0.46664136481565116,-0.04764065826123979,1.097686291965697,1.0005624005214266,1.2084059522778021,0.0,0.0,0.0,0.0,0.0,0.0,0.0,0.0,0.0,0.0,0.0,0.0,0.0,0.0,0.0,0.0,0.0,0.0,1.0,1
-1.0967562578319243,0.9189570987136478,-1.1687512699259108,0.5215781962307325,-0.6484327565753496,-0.04764065826123979,-0.7627989486541282,2.2849813999070836,0.3767432184321022,0.0,0.0,0.0,0.0,0.0,0.0,0.0,0.0,0.0,0.0,0.0,0.0,0.0,0.0,0.0,0.0,0.0,0.0,1.0,0
-1.0967562578319243,-0.12013476956996755,0.820682318838658,0.884018984152791,-0.7513626754729803,-1.0004538234860347,-0.7627989486541282,-0.2838565988642303,-0.4549195154135979,0.0,0.0,0.0,0.0,0.0,0.0,0.0,0.0,0.0,0.0,0.0,0.0,0.0,0.0,0.0,0.0,0.0,0.0,1.0,1
-0.26826535449915173,0.5754085797335479,1.3881810028131665,-0.6455791422331786,-1.5319145604466808,1.8579856721883499,1.097686291965697,-0.2838565988642303,0.3767432184321022,0.0,0.0,0.0,0.0,0.0,0.0,0.0,0.0,0.0,0.0,0.0,0.0,0.0,0.0,0.0,0.0,0.0,0.0,1.0,1
-1.1519889847207758,0.3288366330897154,-1.519452703842742,0.7385155062706472,0.3808664324009588,-1.0004538234860347,2.0279289122756095,1.0005624005214266,1.2084059522778021,0.0,0.0,0.0,0.0,0.0,0.0,0.0,0.0,0.0,0.0,0.0,0.0,0.0,0.0,0.0,0.0,0.0,0.0,1.0,1
-0.8758253502765182,0.9130995570287596,1.681494929361789,0.5249848415685628,-1.4204071483075806,-1.0004538234860347,2.0279289122756095,1.0005624005214266,-0.4549195154135979,0.0,0.0,0.0,0.0,0.0,0.0,0.0,0.0,0.0,0.0,0.0,0.0,0.0,0.0,0.0,0.0,0.0,0.0,1.0,1
0.5602255488336209,0.6345572057687257,-0.4418428432619338,0.9657076501672248,0.4580638715741818,-1.0004538234860347,0.1674436716557843,-1.5682755982498873,1.2084059522778021,0.0,0.0,0.0,0.0,0.0,0.0,0.0,0.0,0.0,0.0,0.0,0.0,0.0,0.0,0.0,0.0,0.0,0.0,1.0,1
-1.7595489804981423,0.9423357988595927,0.3552058701854095,-0.423003777706761,-0.8457151011291419,-0.04764065826123979,1.097686291965697,-0.2838565988642303,1.2084059522778021,0.0,0.0,0.0,0.0,0.0,0.0,0.0,0.0,0.0,0.0,0.0,0.0,0.0,1.0,0.0,0.0,0.0,0.0,0.0,1
0.2840619143893633,-0.5375777369860482,-0.18678725495878395,1.6058233913549027,0.04634419598365845,-0.04764065826123979,-0.7627989486541282,-0.2838565988642303,0.3767432184321022,0.0,0.0,0.0,0.0,0.0,0.0,0.0,0.0,0.0,0.0,0.0,0.0,0.0,0.0,0.0,0.0,0.0,0.0,1.0,0
0.3945273681670663,0.6939194181673722,-0.2888094902800439,2.119482692182015,-0.9400675267853036,0.9051725069635551,2.0279289122756095,-0.2838565988642303,1.2084059522778021,0.0,0.0,0.0,0.0,0.0,0.0,0.0,0.0,0.0,0.0,0.0,0.0,0.0,0.0,0.0,0.0,0.0,0.0,1.0,0
1.1125528177221358,0.2213628056548962,0.29144197310962205,-0.15855202778168684,0.6038812566791587,0.9051725069635551,1.097686291965697,1.0005624005214266,0.3767432184321022,0.0,0.0,0.0,0.0,0.0,0.0,0.0,0.0,0.0,0.0,0.0,0.0,0.0,0.0,0.0,0.0,0.0,0.0,1.0,1
-0.0473344469437457,-1.4587641426431408,0.5528739511203506,0.14611435436278916,1.4702080740675514,1.8579856721883499,1.097686291965697,1.0005624005214266,-1.2865822492592978,0.0,0.0,0.0,0.0,0.0,0.0,0.0,0.0,0.0,0.0,0.0,0.0,0.0,0.0,0.0,0.0,0.0,0.0,1.0,1
-0.4891962620545577,-0.36570504763572526,-1.5258290935503207,-0.9873665654406173,-0.9743774997511805,-0.04764065826123979,-0.7627989486541282,-0.2838565988642303,-1.2865822492592978,0.0,0.0,0.0,0.0,0.0,0.0,0.0,0.0,0.0,0.0,0.0,0.0,0.0,0.0,0.0,0.0,0.0,0.0,1.0,1
-0.5444289889434092,-0.15693853065827862,-1.800013850976207,-1.0439739462862585,-1.2402797902367269,-1.0004538234860347,-0.7627989486541282,-1.5682755982498873,-1.2865822492592978,0.0,0.0,0.0,0.0,0.0,0.0,0.0,0.0,0.0,0.0,0.0,0.0,0.0,0.0,0.0,0.0,0.0,0.0,1.0,1
-1.7595489804981423,-0.2539022363461436,-1.7234971744852619,1.1119398771273616,-0.048008229672502956,-1.0004538234860347,-0.7627989486541282,-1.5682755982498873,-1.2865822492592978,0.0,0.0,0.0,0.0,0.0,0.0,0.0,0.0,0.0,0.0,0.0,0.0,0.0,0.0,0.0,0.0,0.0,0.0,1.0,0
-0.26826535449915173,-0.6199796133452542,0.30419475252477957,1.4454985941963894,1.4273206078602052,1.8579856721883499,-0.7627989486541282,-0.2838565988642303,-1.2865822492592978,0.0,0.0,0.0,0.0,0.0,0.0,0.0,0.0,0.0,0.0,0.0,0.0,0.0,0.0,0.0,0.0,0.0,0.0,1.0,1
0.8916219101667299,-0.4143667118910721,0.4891100540445632,0.9300461600745529,-1.3689421888587654,-0.04764065826123979,0.1674436716557843,-1.5682755982498873,-0.4549195154135979,0.0,0.0,0.0,0.0,0.0,0.0,0.0,0.0,0.0,0.0,0.0,0.0,0.0,0.0,0.0,0.0,0.0,1.0,0.0,1
-1.4281526191650333,0.12943767948114904,-0.7670387183484498,-0.014142699923685198,1.5731379929651823,0.9051725069635551,-0.7627989486541282,-0.2838565988642303,-1.2865822492592978,0.0,0.0,0.0,0.0,0.0,0.0,0.0,0.0,0.0,0.0,0.0,0.0,0.0,0.0,0.0,0.0,0.0,0.0,1.0,0
1.1677855446109873,-1.603441883931565,-0.9710831889909698,-1.0394947054744803,0.36371144591802007,0.9051725069635551,-0.7627989486541282,1.0005624005214266,-1.2865822492592978,0.0,0.0,0.0,0.0,0.0,0.0,0.0,0.0,0.0,0.0,0.0,0.0,0.0,0.0,0.0,0.0,0.0,0.0,1.0,1
-0.4339635351657062,-0.3901130796538091,0.11290306129741715,3.0469010857220393,0.2693590202618587,-1.0004538234860347,1.097686291965697,-0.2838565988642303,-0.4549195154135979,0.0,0.0,0.0,0.0,0.0,0.0,0.0,0.0,0.0,0.0,0.0,0.0,0.0,0.0,0.0,0.0,0.0,0.0,1.0,0
0.3945273681670663,1.6015636763816425,-0.39720811530888256,0.40081113071427504,1.2986582092381667,0.9051725069635551,-0.7627989486541282,-0.2838565988642303,0.3767432184321022,0.0,0.0,0.0,0.0,0.0,0.0,0.0,0.0,0.0,0.0,0.0,0.0,0.0,0.0,0.0,0.0,0.0,0.0,1.0,1
-1.0415235309430728,0.007871012051914004,1.5603435249177926,2.7417163679657515,0.8354735741988281,-0.04764065826123979,1.097686291965697,1.0005624005214266,-1.2865822492592978,0.0,0.0,0.0,0.0,0.0,0.0,0.0,0.0,0.0,0.0,0.0,0.0,0.0,0.0,0.0,0.0,0.0,0.0,1.0,0
-0.26826535449915173,0.2165140092047037,0.23405446574141334,-0.6662674047909697,-0.5883903038850649,-1.0004538234860347,-0.7627989486541282,-0.2838565988642303,-1.2865822492592978,0.0,0.0,0.0,0.0,0.0,0.0,0.0,0.0,0.0,0.0,0.0,0.0,0.0,0.0,0.0,0.0,0.0,0.0,1.0,0
-0.4891962620545577,-0.03748135023450745,-0.3143150491103589,0.7392760739703557,-0.6655877430582879,-0.04764065826123979,0.1674436716557843,-0.2838565988642303,0.3767432184321022,0.0,0.0,0.0,0.0,0.0,0.0,0.0,0.0,0.0,0.0,0.0,0.0,0.0,0.0,0.0,0.0,0.0,0.0,1.0,0
-0.32349808138800323,-0.6172300105818045,1.375428223398009,-0.9070768923745,-0.14236065532866465,1.8579856721883499,1.097686291965697,-1.5682755982498873,0.3767432184321022,0.0,0.0,0.0,0.0,0.0,0.0,0.0,0.0,0.0,0.0,0.0,0.0,0.0,0.0,0.0,0.0,0.0,0.0,1.0,0
-0.1025671738325972,-0.9104821576271175,-0.03375390197689403,-1.045859456224672,-0.22813558774335702,-0.04764065826123979,2.0279289122756095,-1.5682755982498873,-1.2865822492592978,0.0,0.0,0.0,0.0,0.0,0.0,0.0,0.0,0.0,0.0,0.0,0.0,0.0,0.0,0.0,0.0,0.0,0.0,1.0,1
-1.4281526191650333,-1.2273594011352686,0.9227045541599179,1.3366573533802186,-1.1545048578220345,0.9051725069635551,2.0279289122756095,-0.2838565988642303,1.2084059522778021,0.0,0.0,0.0,0.0,0.0,0.0,0.0,0.0,0.0,0.0,0.0,0.0,0.0,0.0,0.0,0.0,0.0,0.0,1.0,0
-0.37873080827685474,-0.2613565290976867,0.948210112990233,1.1654670101095415,-0.08231820263838008,0.9051725069635551,-0.7627989486541282,-0.2838565988642303,0.3767432184321022,0.0,0.0,0.0,0.0,0.0,0.0,0.0,0.0,0.0,0.0,0.0,0.0,0.0,0.0,0.0,0.0,0.0,0.0,1.0,1
0.7259237295001754,-0.7618788019113248,-1.544958262673057,-0.527856400329859,0.7496986417841357,-0.04764065826123979,-0.7627989486541282,-1.5682755982498873,-1.2865822492592978,0.0,0.0,0.0,0.0,0.0,0.0,0.0,0.0,0.0,0.0,0.0,0.0,0.0,0.0,0.0,0.0,0.0,0.0,1.0,1
0.22882918750051182,-1.1111896493781397,-0.8563081742545523,2.0760820921624847,-1.5319145604466808,0.9051725069635551,-0.7627989486541282,-0.2838565988642303,0.3767432184321022,0.0,0.0,0.0,0.0,0.0,0.0,0.0,0.0,0.0,0.0,0.0,0.0,0.0,0.0,0.0,0.0,0.0,0.0,1.0,1
-0.4891962620545577,-0.2469214362557848,-0.6203817550741387,-0.4828689748531777,-0.8971800605779574,-1.0004538234860347,-0.7627989486541282,1.0005624005214266,0.3767432184321022,0.0,0.0,0.0,0.0,0.0,0.0,0.0,0.0,0.0,0.0,0.0,0.0,0.0,0.0,0.0,0.0,0.0,0.0,1.0,1
-0.7101271696099637,-0.7189820394723737,1.6942477087769463,-0.28160592843303006,0.6725012026109127,-0.04764065826123979,-0.7627989486541282,-0.2838565988642303,1.2084059522778021,0.0,0.0,0.0,0.0,0.0,0.0,0.0,0.0,0.0,0.0,0.0,0.0,0.0,0.0,0.0,0.0,0.0,0.0,1.0,1
-0.1577999007214487,2.402479086103554,-0.3525733873558314,-0.8559392352424163,0.35513395267655107,1.8579856721883499,1.097686291965697,-1.5682755982498873,1.2084059522778021,0.0,0.0,0.0,0.0,0.0,0.0,0.0,0.0,0.0,0.0,0.0,0.0,0.0,0.0,0.0,0.0,0.0,0.0,1.0,1
-0.7101271696099637,0.0008559078383655314,-0.0007319322488577413,0.6166091288153553,-1.103039898373219,0.9051725069635551,-0.7627989486541282,-1.5682755982498873,0.3767432184321022,0.0,0.0,0.0,0.0,0.0,0.0,0.0,0.0,0.0,0.0,0.0,0.0,0.0,0.0,0.0,0.0,0.0,0.0,1.0,0
-0.9862908040542212,-0.23575768877002296,-0.3844553358937251,-0.42952762156552865,0.7582761350256051,1.8579856721883499,-0.7627989486541282,-0.2838565988642303,-0.4549195154135979,0.0,0.0,0.0,0.0,0.0,0.0,0.0,0.0,0.0,0.0,0.0,0.0,0.0,0.0,0.0,0.0,0.0,0.0,1.0,0
-1.3729198922761818,0.8262786302759789,-0.5119831300453,-0.669365101576017,0.25220403377892026,-1.0004538234860347,-0.7627989486541282,-1.5682755982498873,-1.2865822492592978,0.0,0.0,0.0,0.0,0.0,0.0,0.0,0.0,0.0,0.0,0.0,0.0,0.0,0.0,0.0,0.0,0.0,0.0,1.0,1
-0.8205926233876667,1.2614634191732073,1.0119740100660204,-0.349731650339573,0.2607815270203893,-1.0004538234860347,-0.7627989486541282,-1.5682755982498873,1.2084059522778021,0.0,0.0,0.0,0.0,0.0,0.0,0.0,0.0,0.0,0.0,0.0,0.0,0.0,0.0,0.0,0.0,0.0,0.0,1.0,1
0.22882918750051182,-0.5495591599777404,-0.8244262257166586,2.547223503120876,0.5352613107474048,0.9051725069635551,-0.7627989486541282,-0.2838565988642303,1.2084059522778021,0.0,0.0,0.0,0.0,0.0,0.0,0.0,0.0,0.0,0.0,0.0,0.0,0.0,0.0,0.0,0.0,0.0,0.0,1.0,0
-1.2624544384984788,-0.4831209342905621,-1.2261387772941197,0.9850656890558902,0.14927411488128922,0.9051725069635551,-0.7627989486541282,-0.2838565988642303,-1.2865822492592978,0.0,0.0,0.0,0.0,0.0,0.0,0.0,0.0,0.0,0.0,0.0,0.0,0.0,0.0,0.0,0.0,0.0,0.0,1.0,1
0.11836373372280881,0.6394394555047624,-1.0539762551894936,0.5716340202244992,-0.030853243189564547,0.9051725069635551,-0.7627989486541282,-1.5682755982498873,-1.2865822492592978,0.0,0.0,0.0,0.0,0.0,0.0,0.0,0.0,0.0,0.0,0.0,0.0,0.0,0.0,0.0,0.0,0.0,0.0,1.0,1
-0.0473344469437457,-2.214132903687765,-1.0539762551894936,-0.8661796993989496,-0.49403787822890327,-1.0004538234860347,0.1674436716557843,-0.2838565988642303,-1.2865822492592978,0.0,0.0,0.0,0.0,0.0,0.0,0.0,0.0,0.0,0.0,0.0,0.0,0.0,0.0,0.0,0.0,0.0,0.0,1.0,1
-1.7043162536092908,-0.571514165478034,1.1012434659721229,-0.39028089129056026,0.681078695852382,0.9051725069635551,0.1674436716557843,-0.2838565988642303,-1.2865822492592978,0.0,0.0,0.0,0.0,0.0,0.0,0.0,0.0,0.0,0.0,0.0,0.0,0.0,0.0,0.0,0.0,0.0,0.0,1.0,1
0.11836373372280881,1.3561021214948792,-0.23142198291183516,0.6845151995913483,0.5266838175059357,-1.0004538234860347,-0.7627989486541282,-0.2838565988642303,-0.4549195154135979,0.0,0.0,0.0,0.0,0.0,0.0,0.0,0.0,0.0,0.0,0.0,0.0,0.0,0.0,0.0,0.0,0.0,0.0,1.0,0
-1.4833853460538848,-1.3436114994421686,0.08739750246710215,-0.29428205676150404,1.59887047268959,-1.0004538234860347,-0.7627989486541282,2.2849813999070836,1.2084059522778021,0.0,0.0,0.0,0.0,0.0,0.0,0.0,0.0,0.0,0.0,0.0,0.0,0.0,0.0,0.0,0.0,0.0,0.0,1.0,0
-0.37873080827685474,-1.537413460995982,-0.24417476232699267,0.6593343529288014,1.7361103645530978,-1.0004538234860347,0.1674436716557843,-0.2838565988642303,-1.2865822492592978,0.0,0.0,0.0,0.0,0.0,0.0,0.0,0.0,0.0,0.0,0.0,0.0,0.0,0.0,0.0,0.0,0.0,0.0,1.0,1
0.22882918750051182,-0.5750415571373687,0.1894197377883621,1.6460339179456958,1.564560499723713,-0.04764065826123979,-0.7627989486541282,1.0005624005214266,1.2084059522778021,0.0,0.0,0.0,0.0,0.0,0.0,0.0,0.0,0.0,0.0,0.0,0.0,0.0,0.0,0.0,0.0,0.0,0.0,1.0,0
0.3392946412782148,0.18958861742682134,-0.7670387183484498,-0.2756435292864628,-1.3432097091343576,0.9051725069635551,-0.7627989486541282,-0.2838565988642303,0.3767432184321022,0.0,0.0,0.0,0.0,0.0,0.0,0.0,0.0,0.0,0.0,0.0,0.0,0.0,0.0,0.0,0.0,0.0,0.0,1.0,0
1.2230182714998388,-0.9521263518441601,-1.2899026743699071,-0.8216459458834978,-0.8628700876120805,-0.04764065826123979,-0.7627989486541282,-0.2838565988642303,1.2084059522778021,0.0,0.0,0.0,0.0,0.0,0.0,0.0,0.0,0.0,0.0,0.0,0.0,0.0,0.0,0.0,0.0,0.0,0.0,1.0,0
1.3887164521663933,-1.7279466505233354,1.502956017549584,-0.019637057408893464,-1.42898464154905,-0.04764065826123979,-0.7627989486541282,1.0005624005214266,0.3767432184321022,0.0,0.0,0.0,0.0,0.0,0.0,0.0,0.0,0.0,0.0,0.0,0.0,0.0,0.0,0.0,0.0,0.0,0.0,1.0,1
0.2840619143893633,0.22068601994896536,0.8780698262068667,-0.7188368999002371,-1.0515749389244036,-1.0004538234860347,-0.7627989486541282,-1.5682755982498873,1.2084059522778021,0.0,0.0,0.0,0.0,0.0,0.0,0.0,0.0,0.0,0.0,0.0,0.0,0.0,0.0,0.0,0.0,0.0,0.0,1.0,0
0.6706910026113239,0.0008559078383655314,1.3052879366146428,0.007606867629380666,0.681078695852382,0.9051725069635551,-0.7627989486541282,1.0005624005214266,-1.2865822492592978,0.0,0.0,0.0,0.0,0.0,0.0,0.0,0.0,0.0,0.0,0.0,0.0,0.0,0.0,0.0,0.0,0.0,0.0,1.0,1
-0.0473344469437457,-0.9169141951631425,-1.3727957405684308,-0.9810582670837912,0.5695712837132819,-0.04764065826123979,-0.7627989486541282,1.0005624005214266,-1.2865822492592978,0.0,0.0,0.0,0.0,0.0,0.0,0.0,0.0,0.0,0.0,0.0,0.0,0.0,0.0,0.0,0.0,0.0,0.0,1.0,1
0.3392946412782148,0.9143135253054631,0.030009995098893436,-0.679153946585625,-1.5490695469296192,-0.04764065826123979,1.097686291965697,1.0005624005214266,1.2084059522778021,0.0,0.0,0.0,0.0,0.0,0.0,0.0,0.0,0.0,0.0,0.0,0.0,0.0,0.0,0.0,0.0,0.0,0.0,1.0,1
-0.7101271696099637,1.5161374943156098,-0.2888094902800439,-0.9322238676010273,-0.34822049312392633,-0.04764065826123979,2.0279289122756095,-1.5682755982498873,-1.2865822492592978,0.0,0.0,0.0,0.0,0.0,0.0,0.0,0.0,0.0,0.0,0.0,0.0,0.0,0.0,0.0,0.0,0.0,0.0,1.0,1
1.1677855446109873,-0.1142843045417003,1.6432365911163163,-0.19741796100322498,0.7411211485426666,-1.0004538234860347,2.0279289122756095,1.0005624005214266,-0.4549195154135979,0.0,0.0,0.0,0.0,0.0,0.0,0.0,0.0,0.0,0.0,0.0,0.0,0.0,0.0,0.0,0.0,0.0,0.0,1.0,1
-0.5444289889434092,0.8015830286661167,-1.6150985494564232,0.9691738271198772,-0.1166281756042569,-0.04764065826123979,-0.7627989486541282,-0.2838565988642303,-0.4549195154135979,0.0,0.0,0.0,0.0,0.0,0.0,0.0,0.0,0.0,0.0,0.0,0.0,0.0,0.0,0.0,0.0,0.0,0.0,1.0,1
0.007898279945105802,0.7258898227835732,-0.11664696817541774,-0.7893695465784619,0.9898684525452743,-1.0004538234860347,0.1674436716557843,1.0005624005214266,0.3767432184321022,0.0,0.0,0.0,0.0,0.0,0.0,0.0,0.0,0.0,0.0,0.0,0.0,0.0,0.0,0.0,0.0,0.0,0.0,1.0,1
-1.2624544384984788,-0.3957969215852737,-1.717120784777683,0.03544097678011411,1.118530851167313,0.9051725069635551,0.1674436716557843,-0.2838565988642303,1.2084059522778021,0.0,0.0,0.0,0.0,0.0,0.0,0.0,0.0,0.0,0.0,0.0,0.0,0.0,0.0,0.0,0.0,0.0,0.0,1.0,0
0.8363891832778784,0.0008559078383655314,-0.0007319322488577413,0.1994146513643541,1.092798371442905,0.9051725069635551,-0.7627989486541282,-0.2838565988642303,0.3767432184321022,0.0,0.0,0.0,0.0,0.0,0.0,0.0,0.0,0.0,0.0,0.0,0.0,0.0,0.0,0.0,0.0,0.0,0.0,1.0,0
-0.37873080827685474,0.050300715153882236,0.9290809438674967,-0.1486102481064156,-0.8971800605779574,-1.0004538234860347,1.097686291965697,-0.2838565988642303,-1.2865822492592978,0.0,0.0,0.0,0.0,0.0,0.0,0.0,0.0,0.0,0.0,0.0,0.0,0.0,0.0,0.0,0.0,0.0,0.0,1.0,0
-0.5444289889434092,0.39959161931567444,-0.0975177990526815,0.3348675504131034,-1.137349871339096,-0.04764065826123979,0.1674436716557843,-0.2838565988642303,0.3767432184321022,0.0,0.0,0.0,0.0,0.0,0.0,0.0,0.0,0.0,0.0,0.0,0.0,0.0,0.0,0.0,0.0,0.0,0.0,1.0,1
0.4497600950559178,-1.3965043610244248,-0.6076289756589812,-0.8053794453369669,-0.15093814857013402,-0.04764065826123979,-0.7627989486541282,-0.2838565988642303,0.3767432184321022,0.0,0.0,0.0,0.0,0.0,0.0,0.0,0.0,0.0,0.0,0.0,0.0,0.0,0.0,0.0,0.0,0.0,0.0,1.0,0
-1.2072217116096273,0.8768123918737775,-1.4365596376442182,0.14136208924855162,0.423753898608305,-1.0004538234860347,1.097686291965697,-0.2838565988642303,-1.2865822492592978,0.0,0.0,0.0,0.0,0.0,0.0,0.0,0.0,0.0,0.0,0.0,0.0,0.0,0.0,0.0,0.0,0.0,0.0,1.0,0
-0.9310580771653697,0.11268916325661597,1.4073101719359027,-0.5804556612465375,-1.3260547226514192,0.9051725069635551,-0.7627989486541282,1.0005624005214266,-1.2865822492592978,0.0,0.0,0.0,0.0,0.0,0.0,0.0,0.0,0.0,0.0,0.0,0.0,0.0,0.0,0.0,0.0,0.0,0.0,1.0,1
0.22882918750051182,0.9784383276100103,1.649612980823895,-0.9195077093936211,-1.20596981727085,-1.0004538234860347,0.1674436716557843,1.0005624005214266,-0.4549195154135979,0.0,0.0,0.0,0.0,0.0,0.0,0.0,0.0,0.0,0.0,0.0,0.0,0.0,0.0,0.0,0.0,0.0,0.0,1.0,0
0.3945273681670663,0.34718190038090324,1.094867076264544,-0.5152018265515792,-0.5883903038850649,-1.0004538234860347,-0.7627989486541282,-0.2838565988642303,0.3767432184321022,0.0,0.0,0.0,0.0,0.0,0.0,0.0,0.0,0.0,0.0,0.0,0.0,0.0,0.0,0.0,0.0,0.0,0.0,1.0,0
0.4497600950559178,-2.0976530657041543,1.0311031791887566,1.7454435034411908,1.7018003915872209,-0.04764065826123979,1.097686291965697,1.0005624005214266,0.3767432184321022,0.0,0.0,0.0,0.0,0.0,0.0,0.0,0.0,0.0,0.0,0.0,0.0,0.0,0.0,0.0,0.0,0.0,0.0,1.0,0
1.4991819059440963,1.3797503779248403,0.8270587085462368,-0.8954035638336306,-1.4804496009978656,0.9051725069635551,-0.7627989486541282,-0.2838565988642303,0.3767432184321022,0.0,0.0,0.0,0.0,0.0,0.0,0.0,0.0,0.0,0.0,0.0,0.0,0.0,0.0,0.0,0.0,0.0,0.0,1.0,1
0.007898279945105802,-1.597248522723392,-0.06563585051478776,-0.4097559405945655,0.0377667027421894,-1.0004538234860347,1.097686291965697,-0.2838565988642303,0.3767432184321022,0.0,0.0,0.0,0.0,0.0,0.0,0.0,0.0,0.0,0.0,0.0,0.0,0.0,0.0,0.0,0.0,0.0,0.0,1.0,0
-1.1519889847207758,-0.12421221044847594,-0.9519540198682336,-0.5034104611882182,-1.0687299254073421,0.9051725069635551,-0.7627989486541282,-0.2838565988642303,1.2084059522778021,0.0,0.0,0.0,0.0,0.0,0.0,0.0,0.0,0.0,0.0,0.0,0.0,0.0,0.0,0.0,0.0,0.0,0.0,1.0,1
1.3334837252775418,-0.650742483008953,0.6293906276112956,-0.8265624361420719,1.332968182204044,-0.04764065826123979,1.097686291965697,-0.2838565988642303,1.2084059522778021,0.0,0.0,0.0,0.0,0.0,0.0,0.0,0.0,0.0,0.0,0.0,0.0,0.0,0.0,0.0,0.0,0.0,0.0,1.0,1
0.5049928219447694,0.05810626740679248,0.1894197377883621,3.058090976494268,-0.4511504120215571,-0.04764065826123979,1.097686291965697,-0.2838565988642303,1.2084059522778021,0.0,0.0,0.0,0.0,0.0,0.0,0.0,0.0,0.0,0.0,0.0,0.0,0.0,0.0,0.0,0.0,0.0,0.0,1.0,1
1.4439491790552448,-0.8882846158044511,-1.2835262846623283,-0.8476335485675975,1.1957282903405362,0.9051725069635551,-0.7627989486541282,1.0005624005214266,1.2084059522778021,0.0,0.0,0.0,0.0,0.0,0.0,0.0,0.0,0.0,0.0,0.0,0.0,0.0,0.0,0.0,0.0,0.0,0.0,1.0,1
1.3334837252775418,-0.4457832072935785,1.2925351571994852,-0.745391079332298,1.7704203375189747,-0.04764065826123979,2.0279289122756095,-0.2838565988642303,-1.2865822492592978,0.0,0.0,0.0,0.0,0.0,0.0,0.0,0.0,0.0,0.0,0.0,0.0,0.0,0.0,0.0,0.0,0.0,0.0,1.0,1
0.5602255488336209,0.5019490240135454,1.0374795688963354,-0.21137812467898004,1.48736306055049,-1.0004538234860347,-0.7627989486541282,-0.2838565988642303,1.2084059522778021,0.0,0.0,0.0,0.0,0.0,0.0,0.0,0.0,0.0,0.0,0.0,0.0,0.0,0.0,0.0,0.0,0.0,0.0,1.0,0
1.4439491790552448,-0.21379753661036816,0.897198995329603,0.7377446744994179,-0.005120763465156779,-1.0004538234860347,-0.7627989486541282,-0.2838565988642303,1.2084059522778021,0.0,0.0,0.0,0.0,0.0,0.0,0.0,0.0,0.0,0.0,0.0,0.0,0.0,0.0,0.0,0.0,0.0,0.0,1.0,0
-0.9310580771653697,-0.5204605912848054,0.2659364142793071,0.3540500736787594,-1.617689492861373,-0.04764065826123979,-0.7627989486541282,-0.2838565988642303,0.3767432184321022,0.0,0.0,0.0,0.0,0.0,0.0,0.0,0.0,0.0,0.0,0.0,0.0,0.0,0.0,0.0,0.0,0.0,0.0,1.0,0
-0.9310580771653697,-0.8169583503894547,-0.5948761962438237,1.159602119642424,0.9555584795793975,-1.0004538234860347,1.097686291965697,-0.2838565988642303,0.3767432184321022,0.0,0.0,0.0,0.0,0.0,0.0,0.0,0.0,0.0,0.0,0.0,0.0,0.0,0.0,0.0,0.0,0.0,0.0,1.0,0
-0.5996617158322607,0.5000762833386734,0.9099517747447604,1.5926627988506359,0.38944392564242786,1.8579856721883499,-0.7627989486541282,-0.2838565988642303,1.2084059522778021,0.0,0.0,0.0,0.0,0.0,0.0,0.0,0.0,0.0,0.0,0.0,0.0,0.0,0.0,0.0,0.0,0.0,0.0,1.0,0
-1.2072217116096273,0.44033000148523505,-0.8690609536697098,-0.976041188924311,-0.8714475808535497,1.8579856721883499,0.1674436716557843,-0.2838565988642303,0.3767432184321022,0.0,0.0,0.0,0.0,0.0,0.0,0.0,0.0,0.0,0.0,0.0,0.0,0.0,0.0,0.0,0.0,0.0,0.0,1.0,1
0.6154582757224724,0.0008559078383655314,0.6995309143946619,-0.42755384061203433,-0.33964299988245716,2.810798837413145,-0.7627989486541282,1.0005624005214266,0.3767432184321022,0.0,0.0,0.0,0.0,0.0,0.0,0.0,0.0,0.0,0.0,0.0,0.0,0.0,0.0,0.0,0.0,0.0,0.0,1.0,0
1.4991819059440963,-0.1621553132527607,-0.9710831889909698,-0.4678423741463874,-0.2796005471921724,-0.04764065826123979,-0.7627989486541282,-0.2838565988642303,0.3767432184321022,0.0,0.0,0.0,0.0,0.0,0.0,0.0,0.0,0.0,0.0,0.0,0.0,0.0,0.0,0.0,0.0,0.0,0.0,1.0,1
0.1735964606116603,0.6776836378816478,-0.3206914388179376,-0.9201563987137505,-0.6227002768509419,-1.0004538234860347,1.097686291965697,-0.2838565988642303,1.2084059522778021,0.0,0.0,0.0,0.0,0.0,0.0,0.0,0.0,0.0,0.0,0.0,0.0,0.0,0.0,0.0,0.0,0.0,0.0,1.0,0
1.1125528177221358,1.2083814178594459,-0.14215252700573272,-0.3838740578471323,-1.617689492861373,-0.04764065826123979,-0.7627989486541282,1.0005624005214266,1.2084059522778021,0.0,0.0,0.0,0.0,0.0,0.0,0.0,0.0,0.0,0.0,0.0,0.0,0.0,0.0,0.0,0.0,0.0,0.0,1.0,1
-0.4891962620545577,1.0826723329772736,-0.12302335788299648,-0.1116996205096339,-0.811405128163265,-0.04764065826123979,-0.7627989486541282,-0.2838565988642303,-1.2865822492592978,0.0,0.0,0.0,0.0,0.0,0.0,0.0,0.0,0.0,0.0,0.0,0.0,0.0,0.0,0.0,0.0,0.0,0.0,1.0,0
-0.37873080827685474,0.8392244085653807,-1.1241165419728596,0.2204252057679056,0.08065416894953557,0.9051725069635551,2.0279289122756095,1.0005624005214266,1.2084059522778021,0.0,0.0,0.0,0.0,0.0,0.0,0.0,0.0,0.0,0.0,0.0,0.0,0.0,0.0,0.0,0.0,0.0,0.0,1.0,1
-0.9862908040542212,0.10094705992519598,0.820682318838658,-0.5784541672999363,-0.4082629458142109,1.8579856721883499,1.097686291965697,-0.2838565988642303,-1.2865822492592978,0.0,0.0,0.0,0.0,0.0,0.0,0.0,0.0,0.0,0.0,0.0,0.0,0.0,0.0,0.0,0.0,0.0,0.0,1.0,0
1.4991819059440963,0.08038165245228931,1.2351476498312766,-0.8258039212566677,0.23504904729598156,-0.04764065826123979,-0.7627989486541282,-0.2838565988642303,1.2084059522778021,0.0,0.0,0.0,0.0,0.0,0.0,0.0,0.0,0.0,0.0,0.0,0.0,0.0,0.0,0.0,0.0,0.0,0.0,1.0,0
1.3887164521663933,0.6051807174703137,0.22130168632625583,-0.4179045869751125,0.15785160812275856,-0.04764065826123979,0.1674436716557843,1.0005624005214266,-1.2865822492592978,0.0,0.0,0.0,0.0,0.0,0.0,0.0,0.0,0.0,0.0,0.0,0.0,0.0,0.0,0.0,0.0,0.0,0.0,1.0,1
0.1735964606116603,0.6450628241887393,-0.9328248507454973,-0.6263432457956133,1.5388280199993056,-1.0004538234860347,1.097686291965697,1.0005624005214266,-0.4549195154135979,0.0,0.0,0.0,0.0,0.0,0.0,0.0,0.0,0.0,0.0,0.0,0.0,0.0,0.0,0.0,0.0,0.0,0.0,1.0,0
1.5544146328329478,-1.9893995193761902,1.1267490248024379,-0.12248818608539025,0.25220403377892026,1.8579856721883499,0.1674436716557843,1.0005624005214266,0.3767432184321022,0.0,0.0,0.0,0.0,0.0,0.0,0.0,0.0,0.0,0.0,0.0,0.0,0.0,0.0,0.0,0.0,0.0,0.0,1.0,0
-0.7653598964988152,0.8690197062692693,0.6612725761491893,-0.05272637117839496,0.5953037634376896,-0.04764065826123979,-0.7627989486541282,1.0005624005214266,-1.2865822492592978,0.0,0.0,0.0,0.0,0.0,0.0,0.0,0.0,0.0,0.0,0.0,0.0,0.0,0.0,0.0,0.0,0.0,0.0,1.0,1
-0.0473344469437457,0.0008559078383655314,1.4136865616434815,-1.0053194529380536,-0.20240310801894926,2.810798837413145,-0.7627989486541282,-0.2838565988642303,-1.2865822492592978,0.0,0.0,0.0,0.0,0.0,0.0,0.0,0.0,0.0,0.0,0.0,0.0,0.0,0.0,0.0,0.0,0.0,0.0,1.0,1
0.9468546370555814,0.0008559078383655314,-0.0007319322488577413,-0.6534814508972208,0.01203422301778163,-1.0004538234860347,-0.7627989486541282,2.2849813999070836,1.2084059522778021,0.0,0.0,0.0,0.0,0.0,0.0,0.0,0.0,0.0,0.0,0.0,0.0,0.0,0.0,0.0,0.0,0.0,0.0,1.0,1
1.5544146328329478,1.8475997271195428,-1.5577110420882145,-0.7594949400093475,1.48736306055049,-0.04764065826123979,-0.7627989486541282,1.0005624005214266,0.3767432184321022,0.0,0.0,0.0,0.0,0.0,0.0,0.0,0.0,0.0,0.0,0.0,0.0,0.0,0.0,0.0,0.0,0.0,0.0,1.0,1
-0.6548944427211122,0.4589274550850972,0.6867781349795044,-0.3861865531608208,0.7582761350256051,-0.04764065826123979,2.0279289122756095,-0.2838565988642303,0.3767432184321022,0.0,0.0,0.0,0.0,0.0,0.0,0.0,0.0,0.0,0.0,0.0,0.0,0.0,0.0,0.0,0.0,0.0,0.0,1.0,1
1.2782509983886903,-0.8475552402887715,1.4902032381344263,-0.9332410370887615,-1.3603646956172961,0.9051725069635551,1.097686291965697,1.0005624005214266,1.2084059522778021,0.0,0.0,0.0,0.0,0.0,0.0,0.0,0.0,0.0,0.0,0.0,0.0,0.0,0.0,0.0,0.0,0.0,0.0,1.0,0
0.9468546370555814,0.7685003022955856,0.46998088492182694,-0.5513960219561928,-1.2402797902367269,0.9051725069635551,-0.7627989486541282,2.2849813999070836,0.3767432184321022,0.0,0.0,0.0,0.0,0.0,0.0,0.0,0.0,0.0,0.0,0.0,0.0,0.0,0.0,0.0,0.0,0.0,0.0,1.0,0
-0.8205926233876667,0.8974041759759079,0.12565584071257463,-0.9227008620438142,-1.0172649659585267,-0.04764065826123979,0.1674436716557843,2.2849813999070836,-1.2865822492592978,0.0,0.0,0.0,0.0,0.0,0.0,0.0,0.0,0.0,0.0,0.0,0.0,0.0,0.0,0.0,0.0,0.0,0.0,1.0,1
0.8916219101667299,0.07687935075733798,0.8334350982538155,-1.0510417859356407,-1.0773074186488114,-0.04764065826123979,2.0279289122756095,1.0005624005214266,-0.4549195154135979,0.0,0.0,0.0,0.0,0.0,0.0,0.0,0.0,0.0,0.0,0.0,0.0,0.0,0.0,0.0,0.0,0.0,0.0,1.0,1
0.22882918750051182,0.09588853710605559,-1.2580207258320133,-0.4461749191654898,0.9727134660623359,-0.04764065826123979,-0.7627989486541282,-1.5682755982498873,0.3767432184321022,0.0,0.0,0.0,0.0,0.0,0.0,0.0,0.0,0.0,0.0,0.0,0.0,0.0,0.0,0.0,0.0,0.0,0.0,1.0,1
0.22882918750051182,-1.293834940102812,-0.06563585051478776,0.2904703090488814,-0.5283478511947802,-1.0004538234860347,-0.7627989486541282,-0.2838565988642303,-1.2865822492592978,0.0,0.0,0.0,0.0,0.0,0.0,0.0,0.0,0.0,0.0,0.0,0.0,0.0,0.0,0.0,0.0,0.0,0.0,1.0,1
-1.7595489804981423,-0.21381554991813098,-0.56299424770593,-0.22218003354771354,-1.0773074186488114,0.9051725069635551,-0.7627989486541282,1.0005624005214266,-1.2865822492592978,0.0,0.0,0.0,0.0,0.0,0.0,0.0,0.0,0.0,0.0,0.0,0.0,0.0,0.0,0.0,0.0,0.0,0.0,1.0,1
0.3392946412782148,-0.8439950386760123,1.0757379071418078,-0.3024809970925041,-1.3088997361684807,0.9051725069635551,1.097686291965697,-0.2838565988642303,-1.2865822492592978,0.0,0.0,0.0,0.0,0.0,0.0,0.0,0.0,0.0,0.0,0.0,0.0,0.0,0.0,0.0,0.0,0.0,0.0,1.0,0
-0.2130326276103002,-0.42851809513571604,0.8525642673765518,-0.9958467413312935,-0.15093814857013402,-1.0004538234860347,1.097686291965697,1.0005624005214266,1.2084059522778021,0.0,0.0,0.0,0.0,0.0,0.0,0.0,0.0,0.0,0.0,0.0,0.0,0.0,0.0,0.0,0.0,0.0,0.0,1.0,0
-1.0415235309430728,0.43856083732999707,-0.06563585051478776,0.4202071466675683,-1.1716598443049728,0.9051725069635551,-0.7627989486541282,-0.2838565988642303,0.3767432184321022,0.0,0.0,0.0,0.0,0.0,0.0,0.0,0.0,0.0,0.0,0.0,0.0,0.0,0.0,0.0,0.0,0.0,0.0,1.0,0
1.0020873639444328,-1.673800577386751,-1.7298735641928407,0.2716080248146816,-0.5626578241606572,0.9051725069635551,-0.7627989486541282,-0.2838565988642303,-1.2865822492592978,0.0,0.0,0.0,0.0,0.0,0.0,0.0,0.0,0.0,0.0,0.0,0.0,0.0,0.0,0.0,0.0,0.0,0.0,1.0,0
-1.7043162536092908,-3.4912146641312582,0.8908226056220242,-0.8240272104763771,0.22647155405451252,-0.04764065826123979,1.097686291965697,-0.2838565988642303,-1.2865822492592978,0.0,0.0,0.0,0.0,0.0,0.0,0.0,0.0,0.0,0.0,0.0,0.0,0.0,0.0,0.0,0.0,0.0,0.0,1.0,1
-1.4281526191650333,-0.6683935946188678,-1.6150985494564232,-0.9250297798719362,-1.1201948848561576,0.9051725069635551,-0.7627989486541282,-0.2838565988642303,-1.2865822492592978,0.0,0.0,0.0,0.0,0.0,0.0,0.0,0.0,0.0,0.0,0.0,0.0,0.0,0.0,0.0,0.0,0.0,0.0,1.0,1
1.6096473597217993,-2.25274893220346,-0.7224039903953987,0.5988635755626439,0.7239661620597282,-1.0004538234860347,1.097686291965697,-0.2838565988642303,-1.2865822492592978,0.0,0.0,0.0,0.0,0.0,0.0,0.0,0.0,0.0,0.0,0.0,0.0,0.0,0.0,0.0,0.0,0.0,0.0,1.0,0
1.1125528177221358,2.3200527631123853,1.3435462748601152,-0.3701448357806006,-0.631277770092411,-1.0004538234860347,-0.7627989486541282,-0.2838565988642303,0.3767432184321022,0.0,0.0,0.0,0.0,0.0,0.0,0.0,0.0,0.0,0.0,0.0,0.0,0.0,0.0,0.0,0.0,0.0,0.0,1.0,1
1.3887164521663933,1.700378892774517,1.3116643263222214,-1.0422608727493983,1.744687857794567,0.9051725069635551,-0.7627989486541282,-0.2838565988642303,0.3767432184321022,0.0,0.0,0.0,0.0,0.0,0.0,0.0,0.0,0.0,0.0,0.0,0.0,0.0,0.0,0.0,0.0,0.0,0.0,1.0,0
0.007898279945105802,-0.9897207684767575,-0.0975177990526815,-0.2087833673984632,1.6674904186213442,-0.04764065826123979,0.1674436716557843,-1.5682755982498873,1.2084059522778021,0.0,0.0,0.0,0.0,0.0,0.0,0.0,0.0,0.0,0.0,0.0,0.0,0.0,0.0,0.0,0.0,0.0,0.0,1.0,0
0.8363891832778784,-1.9320483641227344,1.0884906865569655,-1.0234406712084347,0.5695712837132819,0.9051725069635551,-0.7627989486541282,-0.2838565988642303,-1.2865822492592978,0.0,0.0,0.0,0.0,0.0,0.0,0.0,0.0,0.0,0.0,0.0,0.0,0.0,0.0,0.0,0.0,0.0,0.0,1.0,0
1.2782509983886903,0.1714054699054951,-1.6406041082867382,-0.9004955697152144,0.14927411488128922,0.9051725069635551,-0.7627989486541282,-1.5682755982498873,0.3767432184321022,0.0,0.0,0.0,0.0,0.0,0.0,0.0,0.0,0.0,0.0,0.0,0.0,0.0,0.0,0.0,0.0,0.0,0.0,1.0,0
1.4439491790552448,0.6738989132542784,1.0438559586039142,-0.13136763435823468,-0.7770951551973881,0.9051725069635551,2.0279289122756095,-0.2838565988642303,1.2084059522778021,0.0,0.0,0.0,0.0,0.0,0.0,0.0,0.0,0.0,0.0,0.0,0.0,0.0,0.0,0.0,0.0,0.0,0.0,1.0,1
-1.3176871653873303,0.4372992624542073,-0.7861678874711862,-0.40669211524553767,0.48379635129858956,0.9051725069635551,-0.7627989486541282,-0.2838565988642303,-1.2865822492592978,0.0,0.0,0.0,0.0,0.0,0.0,0.0,0.0,0.0,0.0,0.0,0.0,0.0,0.0,0.0,0.0,0.0,0.0,1.0,0
-1.6490835267204393,0.5530997414022067,0.6548961864416106,0.458789791515126,0.6210362431620972,0.9051725069635551,-0.7627989486541282,-0.2838565988642303,-1.2865822492592978,0.0,0.0,0.0,0.0,0.0,0.0,0.0,0.0,0.0,0.0,0.0,0.0,0.0,0.0,0.0,0.0,0.0,0.0,1.0,1
1.0020873639444328,1.1158052392765705,-0.7287803801029774,-1.0453472790557725,1.0670658917184976,0.9051725069635551,-0.7627989486541282,1.0005624005214266,1.2084059522778021,0.0,0.0,0.0,0.0,0.0,0.0,0.0,0.0,0.0,0.0,0.0,0.0,0.0,0.0,0.0,0.0,0.0,0.0,1.0,0
-0.8205926233876667,0.36916392584284075,-1.742626343607998,1.83488462267546,0.11496414191541239,-1.0004538234860347,0.1674436716557843,-0.2838565988642303,-0.4549195154135979,0.0,0.0,0.0,0.0,0.0,0.0,0.0,0.0,0.0,0.0,0.0,0.0,0.0,0.0,0.0,0.0,0.0,0.0,1.0,0
-0.2130326276103002,1.0652553943682697,0.004504436268578451,-0.0033182100976052046,-0.631277770092411,-1.0004538234860347,-0.7627989486541282,-0.2838565988642303,-1.2865822492592978,0.0,0.0,0.0,0.0,0.0,0.0,0.0,0.0,0.0,0.0,0.0,0.0,0.0,0.0,0.0,0.0,0.0,0.0,1.0,0
1.3887164521663933,-1.83003449893719,-1.1496221008031746,-0.44549851685225383,1.3415456754455128,1.8579856721883499,1.097686291965697,-0.2838565988642303,-1.2865822492592978,0.0,0.0,0.0,0.0,0.0,0.0,0.0,0.0,0.0,0.0,0.0,0.0,0.0,0.0,0.0,0.0,0.0,0.0,1.0,1
-0.1025671738325972,-0.3598520092777781,-0.14852891671331148,-0.96962306500221,0.6639237093694433,-1.0004538234860347,-0.7627989486541282,2.2849813999070836,-1.2865822492592978,0.0,0.0,0.0,0.0,0.0,0.0,0.0,0.0,0.0,0.0,0.0,0.0,0.0,0.0,0.0,0.0,0.0,0.0,1.0,0
1.1677855446109873,1.6642113874496711,-0.19954003437394144,-0.9248337361058846,-0.005120763465156779,-1.0004538234860347,2.0279289122756095,-1.5682755982498873,1.2084059522778021,0.0,0.0,0.0,0.0,0.0,0.0,0.0,0.0,0.0,0.0,0.0,0.0,0.0,0.0,0.0,0.0,0.0,0.0,1.0,1
0.1735964606116603,0.7766519673905027,1.5603435249177926,0.027498638237139963,-0.013698256706626137,1.8579856721883499,-0.7627989486541282,1.0005624005214266,0.3767432184321022,0.0,0.0,0.0,0.0,0.0,0.0,0.0,0.0,0.0,0.0,0.0,0.0,0.0,0.0,0.0,0.0,0.0,0.0,1.0,0
-1.2072217116096273,0.8315751860905516,-1.7043680053625256,-0.8119864281750551,-1.5490695469296192,1.8579856721883499,-0.7627989486541282,-0.2838565988642303,-0.4549195154135979,0.0,0.0,0.0,0.0,0.0,0.0,0.0,0.0,0.0,0.0,0.0,0.0,0.0,0.0,0.0,0.0,0.0,0.0,1.0,1
-1.2072217116096273,-0.5957845243582194,-1.3345374023229584,0.4270953650653327,-1.506182080722273,0.9051725069635551,1.097686291965697,1.0005624005214266,1.2084059522778021,0.0,0.0,0.0,0.0,0.0,0.0,0.0,0.0,0.0,0.0,0.0,0.0,0.0,0.0,0.0,0.0,0.0,0.0,1.0,1
0.3945273681670663,1.5142403070087744,-0.0975177990526815,0.22206335158266235,0.3036689932277355,-0.04764065826123979,0.1674436716557843,-0.2838565988642303,1.2084059522778021,0.0,0.0,0.0,0.0,0.0,0.0,0.0,0.0,0.0,0.0,0.0,0.0,0.0,0.0,0.0,0.0,0.0,0.0,1.0,0
-0.5996617158322607,0.18403730197389442,1.0119740100660204,4.374396564637441,-1.3603646956172961,-0.04764065826123979,-0.7627989486541282,-0.2838565988642303,-1.2865822492592978,0.0,0.0,0.0,0.0,0.0,0.0,0.0,0.0,0.0,0.0,0.0,0.0,0.0,0.0,0.0,0.0,0.0,0.0,1.0,0
-1.1519889847207758,0.7266566750283162,1.6368602014087377,0.09153925967831228,0.27793651350332776,-0.04764065826123979,0.1674436716557843,-0.2838565988642303,-1.2865822492592978,0.0,0.0,0.0,0.0,0.0,0.0,0.0,0.0,0.0,0.0,0.0,0.0,0.0,0.0,0.0,0.0,0.0,0.0,1.0,1
1.3887164521663933,-0.7141358163518616,0.795176760008343,-0.9547052634535427,-1.0858849118902805,-1.0004538234860347,-0.7627989486541282,-0.2838565988642303,-1.2865822492592978,0.0,0.0,0.0,0.0,0.0,0.0,0.0,0.0,0.0,0.0,0.0,0.0,0.0,0.0,0.0,0.0,0.0,0.0,1.0,1
0.3392946412782148,1.022532975015162,-1.6852388362397894,-0.8099469571638259,-0.21955809450188765,-0.04764065826123979,-0.7627989486541282,-0.2838565988642303,-1.2865822492592978,0.0,0.0,0.0,0.0,0.0,0.0,0.0,0.0,0.0,0.0,0.0,0.0,0.0,0.0,0.0,0.0,0.0,0.0,1.0,1
1.0020873639444328,0.0008559078383655314,-0.6395109241968749,1.9987063890011887,0.8440510674402975,2.810798837413145,0.1674436716557843,-0.2838565988642303,-1.2865822492592978,0.0,0.0,0.0,0.0,0.0,0.0,0.0,0.0,0.0,0.0,0.0,0.0,0.0,0.0,0.0,0.0,0.0,0.0,1.0,0
0.3392946412782148,-0.2874745386883607,-1.213385997878962,-0.09001882223575897,0.46664136481565116,0.9051725069635551,-0.7627989486541282,-0.2838565988642303,1.2084059522778021,0.0,0.0,0.0,0.0,0.0,0.0,0.0,0.0,0.0,0.0,0.0,0.0,0.0,0.0,0.0,0.0,0.0,0.0,1.0,0
-0.9862908040542212,-0.40978618506005604,-0.5311122991680363,0.6438150767890015,-0.6141227836094726,0.9051725069635551,-0.7627989486541282,-0.2838565988642303,-1.2865822492592978,0.0,0.0,0.0,0.0,0.0,0.0,0.0,0.0,0.0,0.0,0.0,0.0,0.0,0.0,0.0,0.0,0.0,0.0,1.0,1
0.6706910026113239,-2.5307766175274247,0.7377892526401343,0.610137631721345,-0.734207688990042,-1.0004538234860347,-0.7627989486541282,-0.2838565988642303,-1.2865822492592978,0.0,0.0,0.0,0.0,0.0,0.0,0.0,0.0,0.0,0.0,0.0,0.0,0.0,0.0,0.0,0.0,0.0,0.0,1.0,1
-0.9862908040542212,-1.2299623241069386,-0.7351567698105561,-0.7215794598106567,-0.7685176619559189,-0.04764065826123979,-0.7627989486541282,-0.2838565988642303,-1.2865822492592978,0.0,0.0,0.0,0.0,0.0,0.0,0.0,0.0,0.0,0.0,0.0,0.0,0.0,0.0,0.0,0.0,0.0,0.0,1.0,1
-1.5386180729427363,0.17466652194291396,-1.4301832479366394,2.2740513980315336,-1.0601524321658728,-0.04764065826123979,-0.7627989486541282,-0.2838565988642303,-0.4549195154135979,0.0,0.0,0.0,0.0,0.0,0.0,0.0,0.0,0.0,0.0,0.0,0.0,0.0,0.0,0.0,0.0,0.0,0.0,1.0,0
1.4439491790552448,0.0008559078383655314,0.5018628334597207,0.010270394189088433,-1.3946746685831732,-0.04764065826123979,2.0279289122756095,-0.2838565988642303,1.2084059522778021,0.0,0.0,0.0,0.0,0.0,0.0,1.0,0.0,0.0,0.0,0.0,0.0,0.0,0.0,0.0,0.0,0.0,0.0,0.0,1
-0.5444289889434092,1.541402445117249,-1.6597332774094744,2.1535275910101244,1.5817154862066518,0.9051725069635551,1.097686291965697,-0.2838565988642303,-1.2865822492592978,0.0,0.0,0.0,0.0,0.0,0.0,0.0,0.0,0.0,0.0,0.0,0.0,0.0,0.0,0.0,0.0,0.0,0.0,1.0,0
-1.3176871653873303,1.376295039496556,-0.6076289756589812,1.0233958377440309,-1.5919570131369654,0.9051725069635551,-0.7627989486541282,1.0005624005214266,-1.2865822492592978,0.0,0.0,0.0,0.0,0.0,0.0,0.0,0.0,0.0,0.0,0.0,0.0,0.0,0.0,0.0,0.0,0.0,0.0,1.0,0
0.6154582757224724,-0.3119346806324714,-0.39083172560130386,0.6352958974265454,-0.41684043905568013,0.9051725069635551,-0.7627989486541282,-0.2838565988642303,1.2084059522778021,0.0,0.0,0.0,0.0,0.0,0.0,0.0,0.0,0.0,0.0,0.0,0.0,0.0,0.0,0.0,0.0,0.0,0.0,1.0,0
0.1735964606116603,0.7237996357507122,0.11927945100499589,-0.8885984844151867,1.0413334119940898,-0.04764065826123979,-0.7627989486541282,-1.5682755982498873,0.3767432184321022,0.0,0.0,0.0,0.0,0.0,0.0,0.0,0.0,0.0,0.0,0.0,0.0,0.0,0.0,0.0,0.0,0.0,0.0,1.0,1
-1.4281526191650333,0.4525848407554636,0.5082392231672994,1.0675498206132044,-1.2660122699611345,-0.04764065826123979,1.097686291965697,-0.2838565988642303,1.2084059522778021,0.0,0.0,0.0,0.0,0.0,0.0,0.0,0.0,0.0,0.0,0.0,0.0,0.0,0.0,0.0,0.0,0.0,0.0,1.0,1
-1.0415235309430728,0.12399251387753649,-0.8563081742545523,-1.059561991705249,0.3379789661936126,-1.0004538234860347,1.097686291965697,-0.2838565988642303,-1.2865822492592978,0.0,0.0,0.0,0.0,0.0,0.0,0.0,0.0,0.0,0.0,0.0,0.0,0.0,0.0,0.0,0.0,0.0,0.0,1.0,1
0.007898279945105802,2.149064012507261,1.3307934954449578,1.7502337456200563,0.23504904729598156,-0.04764065826123979,1.097686291965697,-0.2838565988642303,1.2084059522778021,0.0,0.0,0.0,0.0,0.0,0.0,0.0,0.0,0.0,0.0,0.0,0.0,0.0,0.0,0.0,0.0,0.0,0.0,1.0,1
-1.0967562578319243,0.0008559078383655314,1.6942477087769463,0.07577467222915987,0.8097410944744206,2.810798837413145,-0.7627989486541282,-0.2838565988642303,1.2084059522778021,0.0,0.0,0.0,0.0,0.0,0.0,0.0,0.0,0.0,0.0,0.0,0.0,0.0,0.0,0.0,0.0,0.0,0.0,1.0,1
-1.1519889847207758,0.5705700766020769,-0.01462473285415779,0.24864011197206923,-0.5455028376777187,-1.0004538234860347,-0.7627989486541282,-0.2838565988642303,1.2084059522778021,0.0,0.0,0.0,0.0,0.0,0.0,0.0,0.0,0.0,0.0,0.0,0.0,0.0,0.0,0.0,0.0,0.0,0.0,1.0,1
1.4991819059440963,-0.48224857552892436,1.5412143557950564,0.9078111019385421,1.5559830064822437,0.9051725069635551,-0.7627989486541282,-0.2838565988642303,-0.4549195154135979,0.0,0.0,0.0,0.0,0.0,0.0,0.0,0.0,0.0,0.0,0.0,0.0,0.0,0.0,0.0,0.0,0.0,0.0,1.0,0
-1.0967562578319243,-0.4328322823448163,0.769671201178028,0.16647006100329895,-1.025842459199996,0.9051725069635551,-0.7627989486541282,1.0005624005214266,1.2084059522778021,0.0,0.0,0.0,0.0,0.0,0.0,0.0,0.0,0.0,0.0,0.0,0.0,0.0,0.0,0.0,0.0,0.0,0.0,1.0,0
0.11836373372280881,-1.696859541319913,0.2659364142793071,0.32510436558229827,0.14927411488128922,-0.04764065826123979,-0.7627989486541282,1.0005624005214266,-1.2865822492592978,0.0,0.0,0.0,0.0,0.0,0.0,0.0,0.0,0.0,0.0,0.0,0.0,0.0,0.0,0.0,0.0,0.0,0.0,1.0,1
1.0573200908332843,0.8710603567057839,0.5082392231672994,0.30784943494829203,-0.5111928647118419,1.8579856721883499,-0.7627989486541282,-0.2838565988642303,1.2084059522778021,0.0,0.0,0.0,0.0,0.0,0.0,0.0,0.0,0.0,0.0,0.0,0.0,0.0,0.0,0.0,0.0,0.0,0.0,1.0,1
-1.3729198922761818,0.058113344063413466,-0.7032748212726624,-0.6376573318332464,-0.13378316208719532,0.9051725069635551,2.0279289122756095,2.2849813999070836,0.3767432184321022,0.0,0.0,0.0,0.0,0.0,0.0,0.0,0.0,0.0,0.0,0.0,0.0,0.0,0.0,0.0,0.0,0.0,0.0,1.0,0
0.7259237295001754,-0.3947579397268338,-0.8945665125000248,-0.2740218059861399,-1.137349871339096,-0.04764065826123979,1.097686291965697,-0.2838565988642303,-1.2865822492592978,0.0,0.0,0.0,0.0,0.0,0.0,0.0,0.0,0.0,0.0,0.0,0.0,0.0,0.0,0.0,0.0,0.0,0.0,1.0,0
1.4991819059440963,0.11581318548855611,0.13203223042015338,0.9800424524534975,-0.7084752092656341,-0.04764065826123979,-0.7627989486541282,1.0005624005214266,-0.4549195154135979,0.0,0.0,0.0,0.0,0.0,0.0,0.0,0.0,0.0,0.0,0.0,0.0,0.0,0.0,0.0,0.0,0.0,0.0,1.0,0
-0.37873080827685474,-0.519563785891205,0.973715671820548,3.9541741860877355,-0.5026153714703725,0.9051725069635551,-0.7627989486541282,-0.2838565988642303,-1.2865822492592978,0.0,0.0,0.0,0.0,0.0,0.0,0.0,0.0,0.0,0.0,0.0,0.0,0.0,0.0,0.0,0.0,0.0,0.0,1.0,1
-1.0415235309430728,-0.819455123511811,0.6612725761491893,1.563242890649903,-0.5283478511947802,1.8579856721883499,1.097686291965697,-1.5682755982498873,0.3767432184321022,0.0,0.0,0.0,0.0,0.0,0.0,0.0,0.0,0.0,0.0,0.0,0.0,0.0,0.0,0.0,0.0,0.0,0.0,1.0,0
-0.37873080827685474,1.1174232203130887,-0.5566178579983513,-0.7928531724527,0.38944392564242786,1.8579856721883499,-0.7627989486541282,2.2849813999070836,-1.2865822492592978,0.0,0.0,0.0,0.0,0.0,0.0,0.0,0.0,0.0,0.0,0.0,0.0,0.0,0.0,0.0,0.0,0.0,0.0,1.0,1
-1.6490835267204393,0.05872193653281529,1.5922254734556864,0.3697910537634133,-0.5197703579533111,-1.0004538234860347,-0.7627989486541282,-0.2838565988642303,-1.2865822492592978,0.0,0.0,0.0,0.0,0.0,0.0,0.0,0.0,0.0,0.0,0.0,0.0,0.0,0.0,0.0,0.0,0.0,0.0,1.0,1
1.0573200908332843,-1.4314283047812433,0.9035753850371817,-0.4820806941603624,-0.4597279052630263,-1.0004538234860347,2.0279289122756095,1.0005624005214266,0.3767432184321022,0.0,0.0,0.0,0.0,0.0,0.0,0.0,0.0,0.0,0.0,0.0,0.0,0.0,0.0,0.0,0.0,0.0,0.0,1.0,1
-1.3729198922761818,-2.6024966023835137,1.7006240984845251,1.5854204699853958,1.7103778848286904,0.9051725069635551,-0.7627989486541282,-0.2838565988642303,1.2084059522778021,0.0,0.0,0.0,0.0,0.0,0.0,0.0,0.0,0.0,0.0,0.0,0.0,0.0,0.0,0.0,0.0,0.0,0.0,1.0,0
-0.1577999007214487,0.04526470896944479,0.948210112990233,-0.5165464199208343,-0.013698256706626137,-1.0004538234860347,1.097686291965697,-1.5682755982498873,-0.4549195154135979,0.0,0.0,0.0,0.0,0.0,0.0,0.0,0.0,0.0,0.0,0.0,0.0,0.0,0.0,0.0,0.0,0.0,0.0,1.0,1
1.0020873639444328,-2.1263920115742603,-1.143245711095596,-0.36050995184380813,0.8955160268891129,-0.04764065826123979,-0.7627989486541282,-0.2838565988642303,0.3767432184321022,0.0,0.0,0.0,0.0,0.0,0.0,0.0,0.0,0.0,0.0,0.0,0.0,0.0,0.0,0.0,0.0,0.0,0.0,1.0,0
-1.0967562578319243,-0.4236892419905461,1.1968893115858041,3.240089387076591,-0.005120763465156779,-0.04764065826123979,1.097686291965697,1.0005624005214266,-1.2865822492592978,0.0,0.0,0.0,0.0,0.0,0.0,0.0,0.0,0.0,0.0,0.0,0.0,0.0,0.0,0.0,0.0,0.0,0.0,1.0,1
-1.6490835267204393,1.8983921083502164,-0.964706799283391,0.10623535728212513,0.6725012026109127,0.9051725069635551,1.097686291965697,-0.2838565988642303,-1.2865822492592978,0.0,0.0,0.0,0.0,0.0,0.0,0.0,0.0,0.0,0.0,0.0,0.0,0.0,0.0,0.0,0.0,0.0,0.0,1.0,1
0.7811564563890269,0.4312956843099596,-0.9392012404530761,0.8187774663436579,0.20073907433010474,0.9051725069635551,0.1674436716557843,-0.2838565988642303,-0.4549195154135979,0.0,0.0,0.0,0.0,0.0,0.0,0.0,0.0,0.0,0.0,0.0,0.0,0.0,0.0,0.0,0.0,0.0,0.0,1.0,1
0.8363891832778784,-0.14615370596794772,-1.3026554537850645,3.8575276886457015,-0.34822049312392633,-1.0004538234860347,2.0279289122756095,-0.2838565988642303,-1.2865822492592978,0.0,0.0,0.0,0.0,0.0,0.0,0.0,0.0,0.0,0.0,0.0,0.0,0.0,0.0,0.0,0.0,0.0,0.0,1.0,0
-0.32349808138800323,-0.6968321042487935,-0.8626845639621311,0.6797998851345861,-0.8971800605779574,-1.0004538234860347,2.0279289122756095,1.0005624005214266,-1.2865822492592978,0.0,0.0,0.0,0.0,0.0,0.0,0.0,0.0,0.0,0.0,0.0,0.0,0.0,0.0,0.0,0.0,0.0,0.0,1.0,0
0.3392946412782148,-0.5896194697765298,-0.14852891671331148,-0.8043571438134722,-1.0172649659585267,-1.0004538234860347,-0.7627989486541282,-0.2838565988642303,1.2084059522778021,0.0,0.0,0.0,0.0,0.0,0.0,0.0,0.0,0.0,0.0,0.0,0.0,0.0,0.0,0.0,0.0,0.0,0.0,1.0,0
1.3887164521663933,0.13861159979158316,-1.2516443361244347,0.14209289114084897,1.3158131957211054,-0.04764065826123979,-0.7627989486541282,-0.2838565988642303,0.3767432184321022,0.0,0.0,0.0,0.0,0.0,0.0,0.0,0.0,0.0,0.0,0.0,0.0,0.0,0.0,0.0,0.0,0.0,0.0,1.0,1
1.0573200908332843,-0.4399559022324349,1.2287712601236978,0.4975151069568261,-1.4632946145149268,-1.0004538234860347,-0.7627989486541282,-1.5682755982498873,-0.4549195154135979,0.0,0.0,0.0,0.0,0.0,0.0,0.0,0.0,0.0,0.0,0.0,0.0,0.0,0.0,0.0,0.0,0.0,0.0,1.0,0
1.3334837252775418,-0.43228030312838195,1.2542768189540128,1.4783333589921692,-0.5111928647118419,-1.0004538234860347,-0.7627989486541282,-1.5682755982498873,-1.2865822492592978,0.0,0.0,0.0,0.0,0.0,0.0,0.0,0.0,0.0,0.0,0.0,0.0,0.0,0.0,0.0,0.0,0.0,0.0,1.0,0
0.11836373372280881,-0.007694415852079914,1.57309630433295,1.249808938612162,-1.1630823510635038,-1.0004538234860347,-0.7627989486541282,-1.5682755982498873,1.2084059522778021,0.0,0.0,0.0,0.0,0.0,0.0,0.0,0.0,0.0,0.0,0.0,0.0,0.0,0.0,0.0,0.0,0.0,0.0,1.0,0
-1.3729198922761818,-0.6254466522511499,-1.4556888067669544,-1.0165124229317384,-0.21955809450188765,-0.04764065826123979,1.097686291965697,-1.5682755982498873,-0.4549195154135979,0.0,0.0,0.0,0.0,0.0,0.0,0.0,0.0,0.0,0.0,0.0,0.0,0.0,0.0,0.0,0.0,0.0,0.0,1.0,0
0.007898279945105802,-0.07776875637758775,0.3807114290157245,-0.16435533381967798,1.778997830760444,-0.04764065826123979,-0.7627989486541282,-0.2838565988642303,0.3767432184321022,0.0,0.0,0.0,0.0,0.0,0.0,0.0,0.0,0.0,0.0,0.0,0.0,0.0,0.0,0.0,0.0,0.0,0.0,1.0,0
-0.2130326276103002,0.31421561717840807,0.9163281644523392,0.7095051345236036,1.624602952413998,-1.0004538234860347,-0.7627989486541282,1.0005624005214266,0.3767432184321022,0.0,0.0,0.0,0.0,0.0,0.0,0.0,0.0,0.0,0.0,0.0,0.0,0.0,0.0,0.0,0.0,0.0,0.0,1.0,1
1.3334837252775418,0.7312552151670951,-0.6458873139044538,-0.3843420995084914,0.5095288310229974,0.9051725069635551,-0.7627989486541282,-0.2838565988642303,-1.2865822492592978,0.0,0.0,0.0,0.0,0.0,0.0,0.0,0.0,0.0,0.0,0.0,0.0,0.0,0.0,0.0,0.0,0.0,0.0,1.0,1
-1.7595489804981423,0.09030119503760399,-0.25692754174215016,-0.2454630533860216,1.7361103645530978,-0.04764065826123979,-0.7627989486541282,-0.2838565988642303,-0.4549195154135979,0.0,0.0,0.0,0.0,0.0,0.0,0.0,0.0,0.0,0.0,0.0,0.0,0.0,0.0,0.0,0.0,0.0,0.0,1.0,1
-1.4281526191650333,-0.7043526602396054,1.3818046131055877,-0.9026171532986117,-1.6091119996199041,-0.04764065826123979,2.0279289122756095,-0.2838565988642303,0.3767432184321022,0.0,0.0,0.0,0.0,0.0,0.0,0.0,0.0,0.0,0.0,0.0,0.0,0.0,0.0,0.0,0.0,0.0,0.0,1.0,0
0.2840619143893633,-0.5793525276843687,-0.12939974759057524,1.748252779816497,-0.5883903038850649,0.9051725069635551,-0.7627989486541282,-0.2838565988642303,-1.2865822492592978,0.0,0.0,0.0,0.0,0.0,0.0,0.0,0.0,0.0,0.0,0.0,0.0,0.0,0.0,0.0,0.0,0.0,0.0,1.0,1
1.3334837252775418,0.36927586568393567,-0.3589497770634101,0.08002605065317116,-1.5576470401710885,-1.0004538234860347,1.097686291965697,1.0005624005214266,1.2084059522778021,0.0,0.0,0.0,0.0,0.0,0.0,0.0,0.0,0.0,0.0,0.0,0.0,0.0,0.0,0.0,0.0,0.0,0.0,1.0,1
-1.3729198922761818,1.9017837568689129,-0.6395109241968749,0.7034842301693666,0.48379635129858956,-1.0004538234860347,-0.7627989486541282,1.0005624005214266,1.2084059522778021,0.0,0.0,0.0,0.0,0.0,0.0,0.0,0.0,0.0,0.0,0.0,0.0,0.0,0.0,0.0,0.0,0.0,0.0,1.0,1
-0.7101271696099637,-1.108778439467655,0.5146156128748782,-0.9236831336883768,0.11496414191541239,-1.0004538234860347,-0.7627989486541282,-0.2838565988642303,0.3767432184321022,0.0,0.0,0.0,0.0,0.0,0.0,0.0,0.0,0.0,0.0,0.0,0.0,0.0,0.0,0.0,0.0,0.0,0.0,1.0,1
-0.1025671738325972,0.5612938664368493,0.7505420320552918,1.808956551606182,1.1442633308917207,-1.0004538234860347,1.097686291965697,-0.2838565988642303,-0.4549195154135979,0.0,0.0,0.0,0.0,0.0,0.0,0.0,0.0,0.0,0.0,0.0,0.0,0.0,0.0,0.0,0.0,0.0,0.0,1.0,1
1.0573200908332843,0.4741647834548471,1.2287712601236978,0.1787222831779544,-0.39968545257274174,-1.0004538234860347,-0.7627989486541282,1.0005624005214266,-1.2865822492592978,0.0,0.0,0.0,0.0,0.0,0.0,0.0,0.0,0.0,0.0,0.0,0.0,0.0,0.0,0.0,0.0,0.0,0.0,1.0,1
0.6706910026113239,0.7333029422602303,-1.245267946416856,0.919900125376013,1.1442633308917207,-1.0004538234860347,0.1674436716557843,-0.2838565988642303,-1.2865822492592978,0.0,0.0,0.0,0.0,0.0,0.0,0.0,0.0,0.0,0.0,0.0,0.0,0.0,0.0,0.0,0.0,0.0,0.0,1.0,1
1.3887164521663933,1.4200274907491997,-0.3525733873558314,-0.06791822343667381,0.17500659460569698,-1.0004538234860347,-0.7627989486541282,-0.2838565988642303,-1.2865822492592978,0.0,0.0,0.0,0.0,0.0,0.0,0.0,0.0,0.0,0.0,0.0,0.0,0.0,0.0,0.0,0.0,0.0,0.0,1.0,1
-0.8758253502765182,1.6066151225441623,-1.4301832479366394,-0.4728389241628256,1.547405513240775,-0.04764065826123979,-0.7627989486541282,-0.2838565988642303,-1.2865822492592978,0.0,0.0,0.0,0.0,0.0,0.0,0.0,0.0,0.0,0.0,0.0,0.0,0.0,0.0,0.0,0.0,0.0,0.0,1.0,0
-1.7043162536092908,-0.16208326002171083,0.5656267305355082,0.6908091282480449,-1.20596981727085,0.9051725069635551,0.1674436716557843,-0.2838565988642303,0.3767432184321022,0.0,0.0,0.0,0.0,0.0,0.0,0.0,0.0,0.0,0.0,0.0,0.0,0.0,0.0,0.0,0.0,0.0,0.0,1.0,1
-0.8758253502765182,0.0008559078383655314,-0.5247359094604576,-0.8710910576217632,0.05492168922512781,-0.04764065826123979,1.097686291965697,-0.2838565988642303,1.2084059522778021,0.0,0.0,0.0,0.0,0.0,0.0,0.0,0.0,0.0,0.0,0.0,0.0,0.0,0.0,0.0,0.0,0.0,0.0,1.0,0
0.6706910026113239,1.9592436353013634,-0.9073192919151823,-0.1778495086483783,0.5609937904718125,1.8579856721883499,1.097686291965697,-1.5682755982498873,1.2084059522778021,0.0,0.0,0.0,0.0,0.0,0.0,0.0,0.0,0.0,0.0,0.0,0.0,0.0,0.0,0.0,0.0,0.0,0.0,1.0,0
0.22882918750051182,-0.3186954610351607,1.0629851277266504,-0.977613644681333,0.8526285606817667,-0.04764065826123979,-0.7627989486541282,-0.2838565988642303,-0.4549195154135979,0.0,0.0,0.0,0.0,0.0,0.0,0.0,0.0,0.0,0.0,0.0,0.0,0.0,0.0,0.0,0.0,0.0,0.0,1.0,0
-0.6548944427211122,1.7967217826769983,0.846187877668973,-0.2656268218890881,1.5817154862066518,-0.04764065826123979,-0.7627989486541282,1.0005624005214266,-0.4549195154135979,0.0,0.0,0.0,0.0,0.0,0.0,0.0,0.0,0.0,0.0,0.0,0.0,0.0,0.0,0.0,0.0,0.0,0.0,1.0,0
-1.3176871653873303,0.0008559078383655314,1.6113546425784226,-0.5984485786229058,-0.7856726484388573,2.810798837413145,0.1674436716557843,-0.2838565988642303,1.2084059522778021,0.0,0.0,0.0,0.0,0.0,0.0,0.0,0.0,0.0,0.0,0.0,0.0,0.0,0.0,0.0,0.0,0.0,0.0,1.0,1
-0.5996617158322607,0.5096908863568667,1.0311031791887566,0.8731185401974554,-1.0515749389244036,-0.04764065826123979,1.097686291965697,-0.2838565988642303,-1.2865822492592978,0.0,0.0,0.0,0.0,0.0,0.0,0.0,0.0,0.0,0.0,0.0,0.0,0.0,0.0,0.0,0.0,0.0,0.0,1.0,1
-0.5444289889434092,-2.245119009701234,-0.43546645355435504,-0.8635059087677209,1.3930106348943283,-1.0004538234860347,-0.7627989486541282,-0.2838565988642303,0.3767432184321022,0.0,0.0,0.0,0.0,0.0,0.0,0.0,0.0,0.0,0.0,0.0,0.0,0.0,0.0,0.0,0.0,0.0,0.0,1.0,0
0.007898279945105802,0.05065261798766966,1.5539671352102138,-0.7403627106941446,0.8697835471647052,-0.04764065826123979,0.1674436716557843,-0.2838565988642303,0.3767432184321022,0.0,0.0,0.0,0.0,0.0,0.0,0.0,0.0,0.0,0.0,0.0,0.0,0.0,0.0,0.0,0.0,0.0,0.0,1.0,1
-1.0967562578319243,0.8590506270876082,0.17666695837320462,-0.6226430480122814,-1.5576470401710885,-1.0004538234860347,-0.7627989486541282,1.0005624005214266,0.3767432184321022,0.0,0.0,0.0,0.0,0.0,0.0,0.0,0.0,0.0,0.0,0.0,0.0,0.0,0.0,0.0,0.0,0.0,0.0,1.0,0
-0.7653598964988152,-0.1398130216355748,0.04276277451405093,-1.038735164181924,0.39802141888389725,-0.04764065826123979,0.1674436716557843,-0.2838565988642303,1.2084059522778021,0.0,0.0,0.0,0.0,0.0,0.0,0.0,0.0,0.0,0.0,0.0,0.0,0.0,0.0,0.0,0.0,0.0,0.0,1.0,0
-1.5386180729427363,0.0008559078383655314,-1.0539762551894936,-0.9476702688330277,-0.1938256147774802,-1.0004538234860347,1.097686291965697,-1.5682755982498873,1.2084059522778021,0.0,0.0,0.0,0.0,0.0,0.0,0.0,0.0,0.0,0.0,0.0,0.0,0.0,0.0,0.0,0.0,0.0,0.0,1.0,0
0.11836373372280881,-0.7388944645388924,-1.7553791230231557,-0.9270620660331005,-1.3860971753417037,-1.0004538234860347,0.1674436716557843,-0.2838565988642303,-0.4549195154135979,0.0,0.0,0.0,0.0,0.0,0.0,0.0,0.0,0.0,0.0,0.0,0.0,0.0,0.0,0.0,0.0,0.0,0.0,1.0,1
1.0573200908332843,1.1247218266189705,0.8653170467917093,-0.5583386399330186,-0.4339954255386187,-0.04764065826123979,-0.7627989486541282,1.0005624005214266,0.3767432184321022,0.0,0.0,0.0,0.0,0.0,0.0,0.0,0.0,0.0,0.0,0.0,0.0,0.0,0.0,0.0,0.0,0.0,0.0,1.0,1
-1.3729198922761818,-1.3325365318303788,-0.6905220418575049,-0.9659762403907876,0.16642910136422792,-1.0004538234860347,-0.7627989486541282,1.0005624005214266,-1.2865822492592978,0.0,0.0,0.0,0.0,0.0,0.0,0.0,0.0,0.0,0.0,0.0,0.0,0.0,0.0,0.0,0.0,0.0,0.0,1.0,1
0.22882918750051182,0.8884354787074815,-0.7542859389332924,-0.4253388539777957,-1.5833795198954963,-0.04764065826123979,1.097686291965697,-0.2838565988642303,-0.4549195154135979,0.0,0.0,0.0,0.0,0.0,0.0,0.0,0.0,0.0,0.0,0.0,0.0,0.0,0.0,0.0,0.0,0.0,0.0,1.0,1
-0.8758253502765182,-0.5762291487848483,-1.468441586182112,0.041509095863348056,-0.35679798636539556,-0.04764065826123979,0.1674436716557843,-0.2838565988642303,0.3767432184321022,0.0,0.0,0.0,0.0,0.0,0.0,0.0,0.0,0.0,0.0,0.0,0.0,0.0,0.0,0.0,0.0,0.0,0.0,1.0,0
-0.9310580771653697,-1.6933077030286152,0.7250364732249768,-0.3802108107212762,-0.9057575538194267,-1.0004538234860347,-0.7627989486541282,-0.2838565988642303,-1.2865822492592978,0.0,0.0,0.0,0.0,0.0,0.0,0.0,0.0,0.0,0.0,0.0,0.0,0.0,0.0,0.0,0.0,0.0,0.0,1.0,1
0.5049928219447694,-0.001964253986369021,-1.493947145012427,-0.753411424818832,-0.991532486234119,-0.04764065826123979,-0.7627989486541282,-1.5682755982498873,1.2084059522778021,0.0,0.0,0.0,0.0,0.0,0.0,0.0,0.0,0.0,0.0,0.0,0.0,0.0,0.0,0.0,0.0,0.0,0.0,1.0,0
0.9468546370555814,-2.095200039186364,1.5348379660874776,-0.5117705474420984,0.5266838175059357,-1.0004538234860347,-0.7627989486541282,-1.5682755982498873,-1.2865822492592978,0.0,0.0,0.0,0.0,0.0,0.0,0.0,0.0,0.0,0.0,0.0,0.0,0.0,0.0,0.0,0.0,0.0,0.0,1.0,1
-1.5386180729427363,0.8477118931835826,-0.5119831300453,0.7519398854130045,-0.8457151011291419,1.8579856721883499,-0.7627989486541282,-0.2838565988642303,1.2084059522778021,0.0,0.0,0.0,0.0,0.0,0.0,0.0,0.0,0.0,0.0,0.0,0.0,0.0,0.0,0.0,0.0,0.0,0.0,1.0,1
-1.5938507998315878,0.5486034911182218,1.4710740690116901,-0.6260661158645454,-0.6227002768509419,-0.04764065826123979,0.1674436716557843,-0.2838565988642303,0.3767432184321022,0.0,0.0,0.0,0.0,0.0,0.0,0.0,0.0,0.0,0.0,0.0,0.0,0.0,0.0,0.0,0.0,0.0,0.0,1.0,0
-0.1577999007214487,0.4710420478877469,-0.6076289756589812,0.5794111072159849,-0.9743774997511805,-1.0004538234860347,-0.7627989486541282,-0.2838565988642303,1.2084059522778021,0.0,0.0,0.0,0.0,0.0,0.0,0.0,0.0,0.0,0.0,0.0,0.0,0.0,0.0,0.0,0.0,0.0,0.0,1.0,1
0.11836373372280881,0.678622903214974,1.681494929361789,-0.5768765795071537,1.48736306055049,-1.0004538234860347,-0.7627989486541282,2.2849813999070836,1.2084059522778021,0.0,0.0,0.0,0.0,0.0,0.0,0.0,0.0,0.0,0.0,0.0,0.0,0.0,0.0,0.0,0.0,0.0,0.0,1.0,1
1.4439491790552448,-1.6685773614680681,-0.9264484610379186,-0.8136512605757663,1.2986582092381667,-1.0004538234860347,-0.7627989486541282,2.2849813999070836,1.2084059522778021,0.0,0.0,0.0,0.0,0.0,0.0,0.0,0.0,0.0,0.0,0.0,0.0,0.0,0.0,0.0,0.0,0.0,0.0,1.0,1
-1.3729198922761818,-0.2382203652741142,1.3626754439828515,-0.7704590212081134,0.29509149998626644,-1.0004538234860347,-0.7627989486541282,2.2849813999070836,0.3767432184321022,0.0,0.0,0.0,0.0,0.0,0.0,0.0,0.0,0.0,0.0,0.0,0.0,0.0,0.0,0.0,0.0,0.0,0.0,1.0,1
-1.5386180729427363,2.2583275907347606,-1.3600429611532734,-0.7084404218565844,-1.617689492861373,-1.0004538234860347,-0.7627989486541282,-1.5682755982498873,0.3767432184321022,0.0,0.0,0.0,0.0,0.0,0.0,0.0,0.0,0.0,0.0,0.0,0.0,0.0,0.0,0.0,0.0,0.0,0.0,1.0,1
1.2230182714998388,0.6168263209387201,-0.44821923296951255,0.3232660703728815,-0.6827427295412265,-0.04764065826123979,-0.7627989486541282,-0.2838565988642303,-1.2865822492592978,0.0,0.0,0.0,0.0,0.0,0.0,0.0,0.0,0.0,0.0,0.0,0.0,0.0,0.0,0.0,0.0,0.0,0.0,1.0,0
1.0573200908332843,-0.18496852420144994,-1.1113637625577022,-0.5253653101717046,0.9812909593038053,0.9051725069635551,-0.7627989486541282,-0.2838565988642303,-0.4549195154135979,0.0,0.0,0.0,0.0,0.0,0.0,0.0,0.0,0.0,0.0,0.0,0.0,0.0,0.0,0.0,0.0,0.0,0.0,1.0,1
1.4991819059440963,0.5478790988132043,-1.143245711095596,-0.44809943257568324,-1.1545048578220345,-1.0004538234860347,-0.7627989486541282,-1.5682755982498873,0.3767432184321022,0.0,0.0,0.0,0.0,0.0,0.0,0.0,0.0,0.0,0.0,0.0,0.0,0.0,0.0,0.0,0.0,0.0,0.0,1.0,0
-0.7653598964988152,-1.6360736342756153,-0.7542859389332924,-1.0437296613840579,-1.566224533412558,1.8579856721883499,1.097686291965697,1.0005624005214266,-1.2865822492592978,0.0,0.0,0.0,0.0,0.0,0.0,0.0,0.0,0.0,0.0,0.0,0.0,0.0,0.0,0.0,0.0,0.0,0.0,1.0,1
0.3945273681670663,-0.4572686209893841,1.6623657602390525,-0.07428502700116976,-0.22813558774335702,0.9051725069635551,0.1674436716557843,1.0005624005214266,1.2084059522778021,0.0,0.0,0.0,0.0,0.0,0.0,0.0,0.0,0.0,0.0,0.0,0.0,0.0,0.0,0.0,0.0,0.0,0.0,1.0,1
-1.7043162536092908,-2.41709398890635,1.4902032381344263,-0.22967485857237085,0.4752188580571202,-1.0004538234860347,1.097686291965697,-1.5682755982498873,-1.2865822492592978,0.0,0.0,0.0,0.0,0.0,0.0,0.0,0.0,0.0,0.0,0.0,0.0,0.0,0.0,0.0,0.0,0.0,0.0,1.0,1
-0.8758253502765182,0.48869251616524156,-0.13577613729815396,-0.3230317210919135,-1.2745897632026038,-0.04764065826123979,0.1674436716557843,2.2849813999070836,1.2084059522778021,0.0,0.0,0.0,0.0,0.0,0.0,0.0,0.0,0.0,0.0,0.0,0.0,0.0,0.0,0.0,0.0,0.0,0.0,1.0,0
-1.4281526191650333,-0.8341668492943503,-0.3334442182330951,-0.022608506114231992,-0.5712353174021264,-1.0004538234860347,1.097686291965697,-0.2838565988642303,0.3767432184321022,0.0,0.0,0.0,0.0,0.0,0.0,0.0,0.0,0.0,0.0,0.0,0.0,0.0,0.0,0.0,0.0,0.0,0.0,1.0,1
-0.5996617158322607,0.3407691628174805,0.3807114290157245,-0.4531134315137071,0.08065416894953557,-1.0004538234860347,-0.7627989486541282,-0.2838565988642303,1.2084059522778021,0.0,0.0,0.0,0.0,0.0,0.0,0.0,0.0,0.0,0.0,0.0,0.0,0.0,0.0,0.0,0.0,0.0,0.0,1.0,0
-1.5386180729427363,-0.14133836280359996,-1.1878804390486473,-0.4823783522344723,0.5953037634376896,0.9051725069635551,-0.7627989486541282,1.0005624005214266,1.2084059522778021,0.0,0.0,0.0,0.0,0.0,0.0,0.0,0.0,0.0,0.0,0.0,0.0,0.0,0.0,0.0,0.0,0.0,0.0,1.0,1
1.6096473597217993,0.7963128494807673,1.3052879366146428,1.841003035709147,-0.5540803309191881,-0.04764065826123979,-0.7627989486541282,-1.5682755982498873,0.3767432184321022,0.0,0.0,0.0,0.0,0.0,0.0,0.0,0.0,0.0,0.0,0.0,0.0,0.0,0.0,0.0,0.0,0.0,0.0,1.0,0
0.7811564563890269,-0.5054510025917661,1.3307934954449578,-0.18076553136750337,0.3465564594350817,1.8579856721883499,-0.7627989486541282,1.0005624005214266,0.3767432184321022,0.0,0.0,0.0,0.0,0.0,0.0,0.0,0.0,0.0,0.0,0.0,0.0,0.0,0.0,0.0,0.0,0.0,0.0,1.0,1
0.3392946412782148,1.276441484577662,-0.2633039314497289,1.3714895064939914,-0.41684043905568013,-1.0004538234860347,-0.7627989486541282,-0.2838565988642303,1.2084059522778021,0.0,0.0,0.0,0.0,0.0,0.0,0.0,0.0,0.0,0.0,0.0,0.0,0.0,0.0,0.0,0.0,0.0,0.0,1.0,1
-1.2072217116096273,-0.4020301694034923,0.9163281644523392,-0.006722802621131384,-1.4375621347905194,0.9051725069635551,1.097686291965697,-0.2838565988642303,1.2084059522778021,0.0,0.0,0.0,0.0,0.0,0.0,0.0,0.0,0.0,0.0,0.0,0.0,0.0,0.0,0.0,0.0,0.0,0.0,1.0,1
1.0020873639444328,0.43790721159118934,-1.6788624465322106,0.645967452586962,-1.4375621347905194,0.9051725069635551,0.1674436716557843,1.0005624005214266,0.3767432184321022,0.0,0.0,0.0,0.0,0.0,0.0,0.0,0.0,0.0,0.0,0.0,0.0,0.0,0.0,0.0,0.0,0.0,0.0,1.0,1
-0.5996617158322607,-0.9447055123784618,1.5093324072571626,-0.7896836271670055,0.14927411488128922,-1.0004538234860347,1.097686291965697,-0.2838565988642303,0.3767432184321022,0.0,0.0,0.0,0.0,0.0,0.0,0.0,0.0,0.0,0.0,0.0,0.0,0.0,0.0,0.0,0.0,0.0,0.0,1.0,1
1.4439491790552448,0.4619318174869012,1.4328157307662177,0.4966919284208393,0.2693590202618587,0.9051725069635551,-0.7627989486541282,-1.5682755982498873,1.2084059522778021,0.0,0.0,0.0,0.0,0.0,0.0,0.0,0.0,0.0,0.0,0.0,0.0,0.0,0.0,0.0,0.0,0.0,0.0,1.0,0
-1.1519889847207758,1.0489205408898528,0.316947531939937,-0.5189040771492153,-0.39968545257274174,-1.0004538234860347,-0.7627989486541282,-1.5682755982498873,1.2084059522778021,0.0,0.0,0.0,0.0,0.0,0.0,0.0,0.0,0.0,0.0,0.0,0.0,0.0,0.0,0.0,0.0,0.0,0.0,1.0,1
-1.3176871653873303,-0.8057662962772094,-1.0029651375288635,-0.12776802447580896,0.11496414191541239,-0.04764065826123979,-0.7627989486541282,1.0005624005214266,1.2084059522778021,0.0,0.0,0.0,0.0,0.0,0.0,0.0,0.0,0.0,0.0,0.0,0.0,0.0,0.0,0.0,0.0,0.0,0.0,1.0,1
-1.5386180729427363,-1.9529412277974654,1.0055976203584416,1.0309748281551605,-0.9314900335438343,1.8579856721883499,-0.7627989486541282,-1.5682755982498873,1.2084059522778021,0.0,0.0,0.0,0.0,0.0,0.0,0.0,0.0,0.0,0.0,0.0,0.0,0.0,0.0,0.0,0.0,0.0,0.0,1.0,0
-1.7595489804981423,0.19353224516195208,-1.4556888067669544,-0.7608795632575346,-0.3310655066409878,-1.0004538234860347,-0.7627989486541282,1.0005624005214266,-0.4549195154135979,0.0,0.0,0.0,0.0,0.0,0.0,0.0,0.0,0.0,0.0,0.0,0.0,0.0,0.0,0.0,0.0,0.0,0.0,1.0,1
1.4991819059440963,0.0008559078383655314,-0.0007319322488577413,0.7182490970523706,-1.103039898373219,-1.0004538234860347,-0.7627989486541282,1.0005624005214266,-1.2865822492592978,0.0,0.0,0.0,0.0,0.0,0.0,0.0,0.0,0.0,0.0,0.0,0.0,0.0,0.0,0.0,0.0,0.0,0.0,1.0,1
0.6706910026113239,-0.49007986107863816,1.0055976203584416,-0.7327108453752155,0.9126710133720514,-0.04764065826123979,-0.7627989486541282,-0.2838565988642303,0.3767432184321022,0.0,0.0,0.0,0.0,0.0,0.0,0.0,1.0,0.0,0.0,0.0,0.0,0.0,0.0,0.0,0.0,0.0,0.0,0.0,0
-1.4281526191650333,0.6561062685119448,-0.9009429022076035,-0.9382345078837433,-0.2538680674677648,-1.0004538234860347,-0.7627989486541282,-1.5682755982498873,1.2084059522778021,0.0,0.0,0.0,0.0,0.0,0.0,0.0,0.0,0.0,0.0,0.0,0.0,0.0,0.0,0.0,0.0,0.0,0.0,1.0,1
-0.9310580771653697,0.19093382551722254,-1.6342277185791594,1.0776732743543975,1.15284082413319,1.8579856721883499,-0.7627989486541282,1.0005624005214266,1.2084059522778021,0.0,0.0,0.0,0.0,0.0,0.0,0.0,0.0,0.0,0.0,0.0,0.0,0.0,0.0,0.0,0.0,0.0,0.0,1.0,1
-0.9310580771653697,0.9977563135203692,1.5922254734556864,0.46444734773751867,-0.5883903038850649,-1.0004538234860347,-0.7627989486541282,-0.2838565988642303,-0.4549195154135979,0.0,0.0,0.0,0.0,0.0,0.0,0.0,0.0,0.0,0.0,0.0,0.0,0.0,0.0,0.0,0.0,0.0,0.0,1.0,1
-1.4833853460538848,0.3383090596430696,-0.30793865940278015,-0.024295919472289634,-0.20240310801894926,-0.04764065826123979,0.1674436716557843,-0.2838565988642303,0.3767432184321022,0.0,0.0,0.0,0.0,0.0,0.0,0.0,0.0,0.0,0.0,0.0,0.0,0.0,0.0,0.0,0.0,0.0,0.0,1.0,0
1.1125528177221358,1.2783052185986528,-1.595969380333687,-0.7030086752076544,-1.2231248037537883,1.8579856721883499,-0.7627989486541282,-1.5682755982498873,1.2084059522778021,0.0,0.0,0.0,0.0,0.0,0.0,0.0,0.0,0.0,0.0,0.0,0.0,0.0,0.0,0.0,0.0,0.0,0.0,1.0,1
1.2230182714998388,1.334441762242985,0.7824239805931855,-0.8936874110753142,-0.9658000065097112,-1.0004538234860347,-0.7627989486541282,-0.2838565988642303,-1.2865822492592978,0.0,0.0,0.0,0.0,0.0,0.0,0.0,0.0,0.0,0.0,0.0,0.0,0.0,0.0,0.0,0.0,0.0,0.0,1.0,1
0.3392946412782148,-0.5919354664888414,-1.5322054832578995,-0.9831972995887742,-1.1630823510635038,-1.0004538234860347,0.1674436716557843,-0.2838565988642303,0.3767432184321022,0.0,0.0,0.0,0.0,0.0,0.0,0.0,0.0,0.0,0.0,0.0,0.0,0.0,0.0,0.0,0.0,0.0,0.0,1.0,0
1.3887164521663933,-0.5598402553831435,-1.6278513288715806,-0.3972984369894895,-0.8971800605779574,-1.0004538234860347,-0.7627989486541282,-0.2838565988642303,0.3767432184321022,0.0,0.0,0.0,0.0,0.0,0.0,0.0,0.0,0.0,0.0,0.0,0.0,0.0,0.0,0.0,0.0,0.0,0.0,1.0,1
-0.37873080827685474,0.0008559078383655314,-0.0007319322488577413,0.5149301571065603,-1.3775196821002345,1.8579856721883499,-0.7627989486541282,-0.2838565988642303,1.2084059522778021,0.0,0.0,0.0,0.0,0.0,0.0,0.0,0.0,0.0,0.0,0.0,0.0,0.0,0.0,0.0,0.0,0.0,0.0,1.0,1
0.007898279945105802,-1.8627666091387736,0.06826833334436591,-0.9483076676744837,0.5438388039888742,0.9051725069635551,-0.7627989486541282,-0.2838565988642303,0.3767432184321022,0.0,0.0,0.0,0.0,0.0,0.0,0.0,0.0,0.0,0.0,0.0,0.0,0.0,0.0,0.0,0.0,0.0,0.0,1.0,0
-1.7595489804981423,0.4293547503985586,0.7760475908856068,-0.1353100642294629,1.6760679118628135,-0.04764065826123979,-0.7627989486541282,1.0005624005214266,-1.2865822492592978,0.0,0.0,0.0,0.0,0.0,0.0,0.0,0.0,0.0,0.0,0.0,0.0,0.0,0.0,0.0,0.0,0.0,0.0,1.0,1
-1.4833853460538848,0.17495923819405354,-0.4418428432619338,-0.10536360915970117,-1.566224533412558,0.9051725069635551,-0.7627989486541282,-0.2838565988642303,0.3767432184321022,0.0,0.0,0.0,0.0,0.0,0.0,0.0,0.0,0.0,0.0,0.0,0.0,0.0,0.0,0.0,0.0,0.0,0.0,1.0,1
1.1677855446109873,-0.44555096428992724,-0.7160276006878199,0.02198272620173762,0.5181063242644663,-0.04764065826123979,1.097686291965697,-0.2838565988642303,-0.4549195154135979,0.0,0.0,0.0,0.0,0.0,0.0,0.0,0.0,0.0,0.0,0.0,0.0,0.0,0.0,0.0,0.0,0.0,0.0,1.0,0
-1.6490835267204393,-0.8144023906844512,-1.3472901817381158,-0.863707084569533,-1.6348444793443115,-0.04764065826123979,1.097686291965697,1.0005624005214266,0.3767432184321022,0.0,0.0,0.0,0.0,0.0,0.0,0.0,0.0,0.0,0.0,0.0,0.0,0.0,0.0,0.0,0.0,0.0,0.0,1.0,1
0.11836373372280881,1.8792085789156554,0.8589406570841305,0.7277361783592602,-0.2796005471921724,-0.04764065826123979,-0.7627989486541282,-0.2838565988642303,-1.2865822492592978,0.0,0.0,0.0,0.0,0.0,0.0,0.0,0.0,0.0,0.0,0.0,0.0,0.0,0.0,0.0,0.0,0.0,0.0,1.0,0
0.9468546370555814,0.013489877408949719,0.7824239805931855,-0.652706513497383,1.0670658917184976,0.9051725069635551,-0.7627989486541282,-0.2838565988642303,-1.2865822492592978,0.0,0.0,0.0,0.0,0.0,0.0,0.0,0.0,0.0,0.0,0.0,0.0,0.0,0.0,0.0,0.0,0.0,0.0,1.0,0
-0.9310580771653697,1.4358914248961137,-1.1113637625577022,1.8009054139050846,-1.0601524321658728,0.9051725069635551,-0.7627989486541282,-0.2838565988642303,-1.2865822492592978,0.0,0.0,0.0,0.0,0.0,0.0,0.0,0.0,0.0,0.0,0.0,0.0,0.0,0.0,0.0,0.0,0.0,0.0,1.0,1
-0.26826535449915173,-0.7322076673645131,-1.7298735641928407,-0.12645319691396467,-0.2796005471921724,1.8579856721883499,-0.7627989486541282,-0.2838565988642303,0.3767432184321022,0.0,0.0,0.0,0.0,0.0,0.0,0.0,0.0,0.0,0.0,0.0,0.0,0.0,0.0,0.0,0.0,0.0,0.0,1.0,0
-0.4891962620545577,0.20874512689973884,-1.092234593434966,-0.700875801145584,-1.471872107756396,-1.0004538234860347,-0.7627989486541282,1.0005624005214266,0.3767432184321022,0.0,0.0,0.0,0.0,0.0,0.0,0.0,0.0,0.0,0.0,0.0,0.0,0.0,0.0,0.0,0.0,0.0,0.0,1.0,0
0.1735964606116603,0.3188437506085109,0.4763572746294057,-0.8864563726887474,-1.025842459199996,-0.04764065826123979,-0.7627989486541282,-0.2838565988642303,1.2084059522778021,0.0,0.0,0.0,0.0,0.0,0.0,0.0,0.0,0.0,0.0,0.0,0.0,0.0,0.0,0.0,0.0,0.0,0.0,1.0,1
-0.4891962620545577,0.5826286994841794,-1.6788624465322106,-0.6790287249130683,0.7496986417841357,0.9051725069635551,-0.7627989486541282,-0.2838565988642303,-1.2865822492592978,0.0,0.0,0.0,0.0,0.0,0.0,0.0,0.0,0.0,0.0,0.0,0.0,0.0,0.0,0.0,0.0,0.0,0.0,1.0,0
1.4991819059440963,1.061483536389303,-0.46097201238467006,0.987478772270485,0.14927411488128922,1.8579856721883499,-0.7627989486541282,-0.2838565988642303,-1.2865822492592978,0.0,0.0,0.0,0.0,0.0,0.0,0.0,0.0,0.0,0.0,0.0,0.0,0.0,0.0,0.0,0.0,0.0,0.0,1.0,0
0.4497600950559178,0.8693664624436959,1.4073101719359027,-0.4358523424367883,0.6639237093694433,-1.0004538234860347,-0.7627989486541282,1.0005624005214266,-1.2865822492592978,0.0,0.0,0.0,0.0,0.0,0.0,0.0,0.0,0.0,0.0,0.0,0.0,0.0,0.0,0.0,0.0,0.0,0.0,1.0,0
-0.0473344469437457,-0.45833590947430747,1.2606532086615916,-0.03350073881235078,0.7239661620597282,0.9051725069635551,-0.7627989486541282,1.0005624005214266,1.2084059522778021,0.0,0.0,0.0,0.0,0.0,0.0,0.0,0.0,0.0,0.0,0.0,0.0,0.0,0.0,0.0,0.0,0.0,0.0,1.0,0
0.1735964606116603,0.3625408185780499,1.1012434659721229,0.10347432204296766,-1.1716598443049728,-0.04764065826123979,-0.7627989486541282,-0.2838565988642303,0.3767432184321022,0.0,0.0,0.0,0.0,0.0,0.0,0.0,0.0,0.0,0.0,0.0,0.0,0.0,0.0,0.0,0.0,0.0,0.0,1.0,0
1.6096473597217993,1.4770209531770875,0.9354573335750754,-0.31899178254123545,-0.09947318912131849,-1.0004538234860347,1.097686291965697,-0.2838565988642303,-1.2865822492592978,0.0,0.0,0.0,0.0,0.0,0.0,0.0,0.0,0.0,0.0,0.0,0.0,0.0,0.0,0.0,0.0,0.0,0.0,1.0,0
-0.5996617158322607,0.7481259645514448,1.5475907455026352,-0.09451345915481878,1.1699958106161281,-0.04764065826123979,1.097686291965697,1.0005624005214266,-1.2865822492592978,0.0,0.0,0.0,0.0,0.0,0.0,0.0,0.0,0.0,0.0,0.0,0.0,0.0,0.0,0.0,0.0,0.0,0.0,1.0,1
1.2782509983886903,-0.7834632479376489,-1.2325151670016983,-1.0548446244341831,0.7754311215085434,-0.04764065826123979,1.097686291965697,-1.5682755982498873,1.2084059522778021,0.0,0.0,0.0,1.0,0.0,0.0,0.0,0.0,0.0,0.0,0.0,0.0,0.0,0.0,0.0,0.0,0.0,0.0,0.0,1
-1.2072217116096273,0.8031598364277486,0.19579612749594086,-1.0099146777580195,-1.3260547226514192,-1.0004538234860347,-0.7627989486541282,-0.2838565988642303,0.3767432184321022,0.0,0.0,0.0,0.0,0.0,0.0,0.0,0.0,0.0,0.0,0.0,0.0,0.0,0.0,0.0,0.0,0.0,0.0,1.0,0
0.11836373372280881,0.7296320874712166,1.3818046131055877,-0.7349709939241467,0.48379635129858956,-1.0004538234860347,0.1674436716557843,-1.5682755982498873,1.2084059522778021,0.0,0.0,0.0,0.0,0.0,0.0,0.0,0.0,0.0,0.0,0.0,0.0,0.0,0.0,0.0,0.0,0.0,0.0,1.0,1
1.5544146328329478,0.28256880876951057,1.1713837527554891,0.2649887250907684,0.8612060539232358,-1.0004538234860347,-0.7627989486541282,1.0005624005214266,-1.2865822492592978,0.0,0.0,0.0,0.0,0.0,0.0,0.0,0.0,0.0,0.0,0.0,0.0,0.0,0.0,0.0,0.0,0.0,0.0,1.0,0
0.8916219101667299,-1.530575480702882,1.120372635094859,-0.07962234419210618,-1.3603646956172961,1.8579856721883499,-0.7627989486541282,-0.2838565988642303,0.3767432184321022,0.0,0.0,0.0,0.0,0.0,0.0,0.0,0.0,0.0,0.0,0.0,0.0,0.0,0.0,0.0,0.0,0.0,0.0,1.0,1
1.5544146328329478,-0.24158885382568743,0.897198995329603,-0.8156055397933708,0.9984459457867437,0.9051725069635551,-0.7627989486541282,1.0005624005214266,0.3767432184321022,0.0,0.0,0.0,0.0,0.0,0.0,0.0,0.0,0.0,0.0,0.0,0.0,0.0,0.0,0.0,0.0,0.0,0.0,1.0,0
-0.26826535449915173,-0.32499111209812775,0.9673392821129692,-1.0116205664448148,-1.4632946145149268,1.8579856721883499,1.097686291965697,-0.2838565988642303,-1.2865822492592978,0.0,0.0,0.0,0.0,0.0,0.0,0.0,0.0,0.0,0.0,0.0,0.0,0.0,0.0,0.0,0.0,0.0,0.0,1.0,1
0.9468546370555814,0.06322011681406034,-1.0986109831425448,-0.570800249166703,-0.5283478511947802,0.9051725069635551,2.0279289122756095,1.0005624005214266,-1.2865822492592978,0.0,0.0,0.0,0.0,0.0,0.0,0.0,0.0,0.0,0.0,0.0,0.0,0.0,0.0,0.0,0.0,0.0,0.0,1.0,0
-0.9310580771653697,0.6682092813310329,-0.30793865940278015,0.05480722692599651,0.44948637833271243,0.9051725069635551,-0.7627989486541282,1.0005624005214266,1.2084059522778021,0.0,0.0,0.0,0.0,0.0,0.0,0.0,0.0,0.0,0.0,0.0,0.0,0.0,0.0,0.0,0.0,0.0,0.0,1.0,1
-1.7595489804981423,-0.11108694241387033,0.7441656423477131,-0.6808865218583751,-1.471872107756396,-1.0004538234860347,-0.7627989486541282,-1.5682755982498873,1.2084059522778021,0.0,0.0,0.0,0.0,0.0,0.0,0.0,0.0,0.0,0.0,0.0,0.0,0.0,0.0,0.0,0.0,0.0,0.0,1.0,1
0.11836373372280881,1.8666481567458861,0.9800920615281267,-0.31590537623486126,-0.1166281756042569,-0.04764065826123979,-0.7627989486541282,-0.2838565988642303,0.3767432184321022,0.0,0.0,0.0,0.0,0.0,0.0,0.0,0.0,0.0,0.0,0.0,0.0,0.0,0.0,0.0,0.0,0.0,0.0,1.0,1
0.11836373372280881,0.33310514369698957,1.2160184807085404,0.19884704820924098,-0.5798128106435957,-1.0004538234860347,1.097686291965697,-0.2838565988642303,1.2084059522778021,0.0,0.0,0.0,0.0,0.0,0.0,0.0,0.0,0.0,0.0,0.0,0.0,0.0,0.0,0.0,0.0,0.0,0.0,1.0,1
-0.4339635351657062,-0.9311080383475124,-0.4035845050164613,0.19716066125833548,-0.7513626754729803,-0.04764065826123979,-0.7627989486541282,-0.2838565988642303,0.3767432184321022,0.0,0.0,0.0,0.0,0.0,0.0,0.0,0.0,0.0,0.0,0.0,0.0,0.0,0.0,0.0,0.0,0.0,0.0,1.0,1
1.3334837252775418,-0.6294558998931293,-1.3345374023229584,-0.6761989203947198,0.29509149998626644,0.9051725069635551,2.0279289122756095,1.0005624005214266,1.2084059522778021,0.0,0.0,0.0,0.0,0.0,0.0,0.0,0.0,0.0,0.0,0.0,0.0,0.0,0.0,0.0,0.0,0.0,0.0,1.0,1
1.4991819059440963,-0.6313665971807861,0.11290306129741715,-0.026558120835524897,1.4702080740675514,-1.0004538234860347,-0.7627989486541282,-0.2838565988642303,-1.2865822492592978,0.0,0.0,0.0,0.0,0.0,0.0,0.0,0.0,0.0,0.0,0.0,0.0,0.0,0.0,0.0,0.0,0.0,0.0,1.0,1
-0.37873080827685474,0.013719547082920598,-0.3525733873558314,-0.44094537472552425,0.8612060539232358,0.9051725069635551,-0.7627989486541282,-1.5682755982498873,-1.2865822492592978,0.0,0.0,0.0,0.0,0.0,0.0,0.0,0.0,0.0,0.0,0.0,0.0,0.0,0.0,0.0,0.0,0.0,0.0,1.0,0
-0.4339635351657062,0.5702593470431755,0.11927945100499589,-1.0257757474794695,-0.7427851822315111,-1.0004538234860347,0.1674436716557843,1.0005624005214266,1.2084059522778021,0.0,0.0,0.0,0.0,0.0,0.0,0.0,0.0,0.0,0.0,0.0,0.0,0.0,0.0,0.0,0.0,0.0,0.0,1.0,1
-0.4339635351657062,0.0008559078383655314,-0.5948761962438237,1.1296977472658982,-1.1802373375464421,2.810798837413145,1.097686291965697,1.0005624005214266,-1.2865822492592978,0.0,0.0,0.0,0.0,0.0,0.0,0.0,0.0,0.0,0.0,0.0,0.0,0.0,0.0,0.0,0.0,0.0,0.0,1.0,1
-1.2624544384984788,-1.3872673941368219,1.5667199146253714,-0.8444999275322268,-0.8457151011291419,-0.04764065826123979,-0.7627989486541282,-0.2838565988642303,-0.4549195154135979,0.0,0.0,1.0,0.0,0.0,0.0,0.0,0.0,0.0,0.0,0.0,0.0,0.0,0.0,0.0,0.0,0.0,0.0,0.0,1
-1.3176871653873303,0.4467613956888404,0.19579612749594086,-1.0385770974805002,0.06349918246659686,-0.04764065826123979,-0.7627989486541282,-0.2838565988642303,0.3767432184321022,0.0,0.0,0.0,0.0,0.0,0.0,0.0,0.0,0.0,0.0,0.0,0.0,0.0,0.0,0.0,0.0,0.0,0.0,1.0,0
-0.26826535449915173,0.46818886860466313,0.5401211717051931,2.0787712789009953,-0.8628700876120805,0.9051725069635551,-0.7627989486541282,-0.2838565988642303,1.2084059522778021,0.0,0.0,0.0,0.0,0.0,0.0,0.0,0.0,0.0,0.0,0.0,0.0,0.0,0.0,0.0,0.0,0.0,0.0,1.0,1
0.3945273681670663,1.578746605438433,0.9992212306508629,-0.7983382922735394,-0.35679798636539556,-1.0004538234860347,2.0279289122756095,1.0005624005214266,-1.2865822492592978,0.0,0.0,0.0,0.0,0.0,0.0,0.0,0.0,0.0,0.0,0.0,0.0,0.0,0.0,0.0,0.0,0.0,0.0,1.0,1
-1.0415235309430728,0.33960408780470414,-1.6852388362397894,-0.7934885184798519,0.6982336823353205,-1.0004538234860347,0.1674436716557843,2.2849813999070836,-1.2865822492592978,0.0,0.0,0.0,0.0,0.0,0.0,0.0,0.0,0.0,0.0,0.0,0.0,0.0,0.0,0.0,0.0,0.0,0.0,1.0,1
1.3887164521663933,-1.384783487662868,-0.040130291684472776,-0.6837481449984386,-0.957222513268242,-1.0004538234860347,2.0279289122756095,-0.2838565988642303,1.2084059522778021,0.0,0.0,0.0,0.0,0.0,0.0,0.0,0.0,0.0,0.0,0.0,0.0,0.0,0.0,0.0,0.0,0.0,0.0,1.0,0
1.0020873639444328,1.5074763099439843,1.3052879366146428,2.442951826945868,1.0413334119940898,-0.04764065826123979,-0.7627989486541282,-1.5682755982498873,-0.4549195154135979,0.0,0.0,0.0,0.0,0.0,0.0,0.0,0.0,0.0,0.0,0.0,0.0,0.0,0.0,0.0,0.0,0.0,0.0,1.0,0
1.1677855446109873,1.2527777881696183,-0.3589497770634101,-0.5019847816539469,1.4273206078602052,-1.0004538234860347,0.1674436716557843,-0.2838565988642303,1.2084059522778021,0.0,0.0,0.0,0.0,0.0,0.0,0.0,0.0,0.0,0.0,0.0,0.0,0.0,0.0,0.0,0.0,0.0,0.0,1.0,0
-0.6548944427211122,-0.9001470222984269,1.1586309733403315,-0.5800286758712625,1.0327559187526205,-0.04764065826123979,1.097686291965697,-1.5682755982498873,0.3767432184321022,0.0,0.0,0.0,0.0,0.0,0.0,0.0,0.0,0.0,0.0,0.0,0.0,0.0,0.0,0.0,0.0,0.0,0.0,1.0,0
1.4991819059440963,-1.3422296214038227,1.0629851277266504,-0.5804864534611005,0.423753898608305,0.9051725069635551,-0.7627989486541282,-0.2838565988642303,1.2084059522778021,0.0,0.0,0.0,0.0,0.0,0.0,0.0,0.0,0.0,0.0,0.0,0.0,0.0,0.0,0.0,0.0,0.0,0.0,1.0,1
1.1677855446109873,-1.3576509428457175,-1.6597332774094744,-0.18603715850070507,0.22647155405451252,-1.0004538234860347,-0.7627989486541282,-1.5682755982498873,0.3767432184321022,0.0,0.0,0.0,0.0,0.0,0.0,0.0,0.0,0.0,0.0,0.0,0.0,0.0,0.0,0.0,0.0,0.0,0.0,1.0,0
0.6154582757224724,-0.5914452471847352,0.5273683922900356,-0.2475610296049205,-1.5919570131369654,-0.04764065826123979,1.097686291965697,-0.2838565988642303,-0.4549195154135979,0.0,0.0,0.0,0.0,0.0,0.0,0.0,0.0,0.0,0.0,0.0,0.0,0.0,0.0,0.0,0.0,0.0,0.0,1.0,1
-0.7101271696099637,1.1392025960626984,1.0183503997735992,-1.0481524498024704,-1.3689421888587654,1.8579856721883499,-0.7627989486541282,-1.5682755982498873,-1.2865822492592978,0.0,0.0,0.0,0.0,0.0,0.0,0.0,0.0,0.0,0.0,0.0,0.0,0.0,0.0,0.0,0.0,0.0,0.0,1.0,0
0.7811564563890269,0.000644458977081663,0.5911322893658232,1.3405628325939711,0.04634419598365845,-0.04764065826123979,0.1674436716557843,1.0005624005214266,0.3767432184321022,0.0,0.0,0.0,0.0,0.0,0.0,0.0,0.0,0.0,0.0,0.0,0.0,0.0,0.0,0.0,0.0,0.0,0.0,1.0,1
-1.0415235309430728,1.2865997034908292,1.3435462748601152,-1.0462033026206266,-1.497604587480804,-0.04764065826123979,-0.7627989486541282,-1.5682755982498873,-1.2865822492592978,0.0,0.0,0.0,0.0,0.0,0.0,0.0,0.0,0.0,0.0,0.0,0.0,0.0,0.0,0.0,0.0,0.0,0.0,1.0,1
1.4439491790552448,-0.3090300347557805,0.6421434070264531,-0.8736745244236069,-0.7685176619559189,0.9051725069635551,-0.7627989486541282,-1.5682755982498873,0.3767432184321022,0.0,0.0,0.0,0.0,0.0,0.0,0.0,0.0,0.0,0.0,0.0,0.0,0.0,0.0,0.0,0.0,0.0,0.0,1.0,0
-1.2624544384984788,1.5539454973116766,0.546497561412772,-0.6879964442009936,-0.6655877430582879,-0.04764065826123979,1.097686291965697,1.0005624005214266,0.3767432184321022,0.0,0.0,0.0,0.0,0.0,0.0,0.0,0.0,0.0,0.0,0.0,0.0,0.0,0.0,0.0,0.0,0.0,0.0,1.0,0
-0.9310580771653697,0.5866038505078943,0.6038850687809806,-0.22558975810700027,-1.1888148307879114,-0.04764065826123979,-0.7627989486541282,-0.2838565988642303,0.3767432184321022,0.0,0.0,0.0,0.0,0.0,0.0,0.0,0.0,0.0,0.0,0.0,0.0,0.0,0.0,0.0,0.0,0.0,0.0,1.0,0
1.0573200908332843,-0.7809523215020507,1.2925351571994852,-0.5600219476624677,-1.2231248037537883,1.8579856721883499,-0.7627989486541282,1.0005624005214266,-1.2865822492592978,0.0,0.0,0.0,0.0,0.0,0.0,0.0,0.0,0.0,0.0,0.0,0.0,0.0,0.0,0.0,0.0,0.0,0.0,1.0,1
1.2230182714998388,-1.3714832332099984,0.6038850687809806,0.2919934972626025,0.2865140067447971,-1.0004538234860347,-0.7627989486541282,-0.2838565988642303,-1.2865822492592978,0.0,0.0,0.0,0.0,0.0,0.0,0.0,0.0,0.0,0.0,0.0,0.0,0.0,0.0,0.0,0.0,0.0,0.0,1.0,1
0.11836373372280881,0.23483675986118907,1.5667199146253714,-0.8256212207835933,0.9984459457867437,-0.04764065826123979,1.097686291965697,-0.2838565988642303,-0.4549195154135979,0.0,0.0,0.0,0.0,0.0,0.0,0.0,0.0,0.0,0.0,0.0,0.0,0.0,0.0,0.0,0.0,0.0,0.0,1.0,0
0.11836373372280881,0.13517877799800126,-1.493947145012427,-0.8024901092037966,-0.21955809450188765,-1.0004538234860347,2.0279289122756095,-0.2838565988642303,-1.2865822492592978,0.0,0.0,0.0,0.0,0.0,0.0,0.0,0.0,0.0,0.0,0.0,0.0,0.0,0.0,0.0,0.0,0.0,0.0,1.0,0
-0.1025671738325972,0.8696154320902695,-1.6979916156549468,-0.09151224464206899,-0.4425729187800879,0.9051725069635551,2.0279289122756095,1.0005624005214266,1.2084059522778021,0.0,0.0,0.0,0.0,0.0,0.0,0.0,0.0,0.0,0.0,0.0,0.0,0.0,0.0,0.0,0.0,0.0,0.0,1.0,1
-1.5386180729427363,1.043755868221397,0.5911322893658232,-0.03939847430833543,1.5045180470334287,-0.04764065826123979,-0.7627989486541282,1.0005624005214266,1.2084059522778021,0.0,0.0,0.0,0.0,0.0,0.0,0.0,0.0,0.0,0.0,0.0,0.0,0.0,0.0,0.0,0.0,0.0,0.0,1.0,1
-0.4891962620545577,-0.48024716837003556,0.6421434070264531,-0.5155662010905758,-0.7942501416803265,-0.04764065826123979,-0.7627989486541282,-0.2838565988642303,0.3767432184321022,0.0,0.0,0.0,0.0,0.0,0.0,0.0,0.0,0.0,0.0,0.0,0.0,0.0,0.0,0.0,0.0,0.0,0.0,1.0,1
0.06313100683395731,1.0772040074065379,0.31057114223235827,-1.0159920345056221,0.17500659460569698,-1.0004538234860347,1.097686291965697,2.2849813999070836,0.3767432184321022,0.0,0.0,0.0,0.0,0.0,0.0,0.0,0.0,0.0,0.0,0.0,0.0,0.0,0.0,0.0,0.0,0.0,0.0,1.0,1
-0.8758253502765182,0.04069125879504926,0.13203223042015338,-0.17027667668016117,-1.6091119996199041,-0.04764065826123979,-0.7627989486541282,-1.5682755982498873,0.3767432184321022,0.0,0.0,0.0,0.0,0.0,0.0,0.0,0.0,0.0,0.0,0.0,0.0,0.0,0.0,0.0,0.0,0.0,0.0,1.0,1
-1.1519889847207758,0.5192887627321381,1.273405988076749,1.0216088628922193,1.2557707430308205,-1.0004538234860347,0.1674436716557843,1.0005624005214266,-1.2865822492592978,0.0,0.0,0.0,0.0,0.0,0.0,0.0,0.0,0.0,0.0,0.0,0.0,0.0,0.0,0.0,0.0,0.0,0.0,1.0,0
-0.7653598964988152,-0.13445727923835427,-0.3844553358937251,-0.47734177233910213,0.9384034930964591,0.9051725069635551,0.1674436716557843,2.2849813999070836,-1.2865822492592978,0.0,0.0,0.0,0.0,0.0,0.0,0.0,0.0,0.0,0.0,0.0,0.0,0.0,0.0,0.0,0.0,0.0,0.0,1.0,1
-0.4891962620545577,-1.1918300815711487,-0.9392012404530761,0.2889091437705324,-0.9658000065097112,-1.0004538234860347,1.097686291965697,1.0005624005214266,0.3767432184321022,0.0,0.0,0.0,0.0,0.0,0.0,0.0,0.0,0.0,0.0,0.0,0.0,0.0,0.0,0.0,0.0,0.0,0.0,1.0,1
0.007898279945105802,0.18707190099944304,-1.238891556709277,-0.9770614376335016,1.092798371442905,-0.04764065826123979,1.097686291965697,-0.2838565988642303,-1.2865822492592978,0.0,0.0,0.0,0.0,0.0,0.0,0.0,0.0,0.0,0.0,0.0,0.0,0.0,0.0,0.0,0.0,0.0,0.0,1.0,1
-0.4891962620545577,0.2736104048198053,0.795176760008343,-0.611096993958273,0.5266838175059357,-0.04764065826123979,2.0279289122756095,-0.2838565988642303,-1.2865822492592978,0.0,0.0,0.0,0.0,0.0,0.0,0.0,0.0,0.0,0.0,0.0,0.0,0.0,0.0,0.0,0.0,0.0,0.0,1.0,0
-1.2624544384984788,-0.7434634113863473,0.7888003703007643,-1.0340660380470068,-0.23671308098482638,-0.04764065826123979,-0.7627989486541282,-0.2838565988642303,1.2084059522778021,0.0,0.0,0.0,0.0,0.0,0.0,0.0,0.0,0.0,0.0,0.0,0.0,0.0,0.0,0.0,0.0,0.0,0.0,1.0,0
-1.6490835267204393,0.4838784596657338,-1.6406041082867382,-0.6402346401921775,1.5302505267578361,1.8579856721883499,-0.7627989486541282,1.0005624005214266,1.2084059522778021,0.0,0.0,0.0,0.0,0.0,0.0,0.0,0.0,0.0,0.0,0.0,0.0,0.0,0.0,0.0,0.0,0.0,0.0,1.0,0
-1.5938507998315878,0.3811903821039389,1.6368602014087377,-0.16712458031605226,-1.6091119996199041,0.9051725069635551,-0.7627989486541282,-0.2838565988642303,0.3767432184321022,0.0,0.0,0.0,0.0,0.0,0.0,0.0,0.0,0.0,0.0,0.0,0.0,0.0,0.0,0.0,0.0,0.0,0.0,1.0,1
0.2840619143893633,0.0008559078383655314,-0.0007319322488577413,-0.7580343626319046,0.8869385336476435,-1.0004538234860347,-0.7627989486541282,-0.2838565988642303,0.3767432184321022,0.0,0.0,0.0,0.0,0.0,0.0,0.0,0.0,0.0,0.0,0.0,0.0,0.0,0.0,0.0,0.0,0.0,0.0,1.0,1
0.8363891832778784,0.0008559078383655314,0.9609628924053905,1.4290134689264606,1.3158131957211054,-0.04764065826123979,-0.7627989486541282,-0.2838565988642303,0.3767432184321022,0.0,0.0,0.0,0.0,0.0,0.0,0.0,0.0,0.0,0.0,0.0,0.0,0.0,0.0,0.0,0.0,0.0,0.0,1.0,1
-0.8758253502765182,-0.01351335759176305,0.7250364732249768,1.3176688210663101,0.9727134660623359,-1.0004538234860347,2.0279289122756095,-0.2838565988642303,1.2084059522778021,0.0,0.0,0.0,0.0,0.0,0.0,0.0,0.0,0.0,0.0,0.0,0.0,0.0,0.0,0.0,0.0,0.0,0.0,1.0,0
-0.8205926233876667,-0.27498359641996,0.030009995098893436,-0.7890277529968116,0.14927411488128922,-1.0004538234860347,0.1674436716557843,1.0005624005214266,0.3767432184321022,0.0,0.0,0.0,0.0,0.0,0.0,0.0,0.0,0.0,0.0,0.0,0.0,0.0,0.0,0.0,0.0,0.0,0.0,1.0,1
1.1677855446109873,0.3907515885312649,0.5847558996582444,0.7474247203509029,-0.7599401687144496,-1.0004538234860347,-0.7627989486541282,-1.5682755982498873,1.2084059522778021,0.0,0.0,0.0,0.0,0.0,0.0,0.0,0.0,0.0,0.0,0.0,0.0,0.0,0.0,0.0,0.0,0.0,0.0,1.0,1
-1.1519889847207758,2.29689858598105,0.4508517157990907,-0.6436453911586162,1.3587006619284516,-1.0004538234860347,-0.7627989486541282,-0.2838565988642303,0.3767432184321022,0.0,0.0,0.0,0.0,0.0,0.0,0.0,0.0,0.0,0.0,0.0,0.0,0.0,0.0,0.0,0.0,0.0,0.0,1.0,0
-1.7043162536092908,-2.1461204435686345,-1.3855485199835884,-0.6562086147003587,0.08923166219100463,0.9051725069635551,-0.7627989486541282,-1.5682755982498873,-1.2865822492592978,0.0,0.0,0.0,0.0,0.0,0.0,0.0,0.0,0.0,0.0,0.0,0.0,0.0,0.0,0.0,0.0,0.0,0.0,1.0,1
0.8363891832778784,0.17451855548629389,0.6293906276112956,-0.24752407894744471,-1.0773074186488114,0.9051725069635551,-0.7627989486541282,-0.2838565988642303,-1.2865822492592978,0.0,0.0,0.0,0.0,0.0,0.0,0.0,0.0,0.0,0.0,0.0,0.0,0.0,0.0,0.0,0.0,0.0,0.0,1.0,0
0.5049928219447694,-0.45195083520494844,1.42006295135106,0.9677358306997809,0.04634419598365845,-1.0004538234860347,-0.7627989486541282,1.0005624005214266,-0.4549195154135979,0.0,0.0,0.0,0.0,0.0,0.0,0.0,0.0,0.0,0.0,0.0,0.0,0.0,0.0,0.0,0.0,0.0,0.0,1.0,0
0.3392946412782148,-0.9050234820426831,-1.0284706963591785,0.7387146292581555,0.6896561890938511,-1.0004538234860347,1.097686291965697,1.0005624005214266,-1.2865822492592978,0.0,0.0,0.0,0.0,0.0,0.0,0.0,0.0,0.0,0.0,0.0,0.0,0.0,0.0,0.0,0.0,0.0,0.0,1.0,1
0.22882918750051182,-0.5957497844075346,1.3435462748601152,0.5170322389540676,0.6124587499206281,0.9051725069635551,-0.7627989486541282,-0.2838565988642303,-1.2865822492592978,0.0,0.0,0.0,0.0,0.0,0.0,0.0,0.0,0.0,0.0,0.0,0.0,0.0,0.0,0.0,0.0,0.0,0.0,1.0,0
-1.2072217116096273,-0.6696262195357534,-0.5311122991680363,-0.3540682205572088,0.020611716259250682,-1.0004538234860347,-0.7627989486541282,-0.2838565988642303,0.3767432184321022,0.0,0.0,0.0,0.0,0.0,0.0,0.0,0.0,0.0,0.0,0.0,0.0,0.0,0.0,0.0,0.0,0.0,0.0,1.0,1
-1.0415235309430728,1.1243036605459142,-1.1113637625577022,-0.5682147295505552,-1.4204071483075806,-0.04764065826123979,-0.7627989486541282,-0.2838565988642303,0.3767432184321022,0.0,0.0,0.0,0.0,0.0,0.0,0.0,0.0,0.0,0.0,0.0,0.0,0.0,0.0,0.0,0.0,0.0,0.0,1.0,1
1.6096473597217993,0.2394365866648079,-0.46097201238467006,-1.0292778486824454,-1.1287723780976266,-0.04764065826123979,-0.7627989486541282,1.0005624005214266,-1.2865822492592978,0.0,0.0,0.0,0.0,0.0,0.0,0.0,0.0,0.0,0.0,0.0,0.0,0.0,0.0,0.0,0.0,0.0,0.0,1.0,1
0.7259237295001754,0.5677419872833765,0.41259337755361825,0.3777508412279734,-0.37395297284833395,-1.0004538234860347,-0.7627989486541282,-1.5682755982498873,-1.2865822492592978,0.0,0.0,0.0,0.0,0.0,0.0,0.0,0.0,0.0,0.0,0.0,0.0,0.0,0.0,0.0,0.0,0.0,0.0,1.0,0
1.5544146328329478,-0.4570981378980611,-0.8626845639621311,0.031431830443999234,-0.8028276349217958,0.9051725069635551,1.097686291965697,-0.2838565988642303,0.3767432184321022,0.0,0.0,0.0,0.0,0.0,0.0,0.0,0.0,0.0,0.0,0.0,0.0,0.0,0.0,0.0,0.0,0.0,0.0,1.0,1
-0.26826535449915173,-0.525951433490244,-0.14852891671331148,-0.5573060743380027,0.1921615810886354,-1.0004538234860347,0.1674436716557843,-0.2838565988642303,1.2084059522778021,0.0,0.0,0.0,0.0,0.0,0.0,0.0,0.0,0.0,0.0,0.0,0.0,0.0,0.0,0.0,0.0,0.0,0.0,1.0,0
0.3392946412782148,1.2309816857770857,0.24043085544899206,3.199502169060976,0.8783610404061742,-0.04764065826123979,2.0279289122756095,-1.5682755982498873,-1.2865822492592978,0.0,0.0,0.0,0.0,0.0,0.0,0.0,0.0,0.0,0.0,0.0,0.0,0.0,0.0,0.0,0.0,0.0,0.0,1.0,1
0.6154582757224724,-0.5088619510830649,-0.10389418876026024,1.5992974946818306,-1.025842459199996,-0.04764065826123979,1.097686291965697,1.0005624005214266,-0.4549195154135979,0.0,0.0,0.0,0.0,0.0,0.0,0.0,0.0,0.0,0.0,0.0,0.0,0.0,0.0,0.0,0.0,0.0,0.0,1.0,0
-0.37873080827685474,-0.08806593509349293,-0.4418428432619338,2.9779121554005776,0.07207667570806622,-1.0004538234860347,-0.7627989486541282,1.0005624005214266,1.2084059522778021,0.0,0.0,0.0,0.0,0.0,0.0,0.0,0.0,0.0,0.0,0.0,0.0,0.0,0.0,0.0,0.0,0.0,0.0,1.0,1
1.6096473597217993,-0.5947365358458983,-0.21229281378909892,-0.32074899158563613,-0.3653754796068648,-1.0004538234860347,-0.7627989486541282,2.2849813999070836,1.2084059522778021,0.0,0.0,0.0,0.0,0.0,0.0,0.0,0.0,0.0,0.0,0.0,0.0,0.0,0.0,0.0,0.0,0.0,0.0,1.0,0
-0.1577999007214487,-1.4688702516302805,-0.9965887478212848,-0.10554836244707966,-0.06516321615544167,-1.0004538234860347,1.097686291965697,1.0005624005214266,0.3767432184321022,0.0,0.0,0.0,0.0,0.0,0.0,0.0,0.0,0.0,0.0,0.0,0.0,0.0,0.0,0.0,0.0,0.0,0.0,1.0,1
0.1735964606116603,0.8625400621341575,-1.7234971744852619,-0.13460184329451175,-0.7685176619559189,-0.04764065826123979,-0.7627989486541282,-1.5682755982498873,-1.2865822492592978,0.0,0.0,0.0,0.0,0.0,0.0,0.0,0.0,0.0,0.0,0.0,0.0,0.0,0.0,0.0,0.0,0.0,0.0,1.0,0
-1.0415235309430728,-1.8436770062375454,-0.7925442771787649,6.835969305911621,1.778997830760444,-1.0004538234860347,-0.7627989486541282,-0.2838565988642303,-1.2865822492592978,0.0,0.0,0.0,0.0,0.0,0.0,0.0,0.0,0.0,0.0,0.0,0.0,0.0,0.0,0.0,0.0,0.0,0.0,1.0,0
1.5544146328329478,0.7264816886100526,-1.0794818140198084,-0.7906905325832188,0.7582761350256051,-1.0004538234860347,-0.7627989486541282,-1.5682755982498873,1.2084059522778021,0.0,0.0,0.0,0.0,0.0,0.0,0.0,0.0,0.0,0.0,0.0,0.0,0.0,0.0,0.0,0.0,0.0,0.0,1.0,1
-0.5996617158322607,-0.7809323781970281,-0.5056067403377212,-0.41994611080064576,0.14069662163982016,-0.04764065826123979,1.097686291965697,-1.5682755982498873,1.2084059522778021,0.0,0.0,0.0,0.0,0.0,0.0,0.0,0.0,0.0,0.0,0.0,0.0,0.0,0.0,0.0,0.0,0.0,0.0,1.0,1
1.2782509983886903,-0.6854830770260469,0.795176760008343,0.9050428818493198,1.2214607700649436,1.8579856721883499,-0.7627989486541282,-0.2838565988642303,1.2084059522778021,0.0,0.0,0.0,0.0,0.0,0.0,0.0,0.0,0.0,0.0,0.0,0.0,0.0,0.0,0.0,0.0,0.0,0.0,1.0,1
-0.8758253502765182,1.0940914834338098,-0.02737751226931528,0.4678519402610448,1.4616305808260825,-1.0004538234860347,1.097686291965697,1.0005624005214266,0.3767432184321022,0.0,0.0,0.0,0.0,0.0,0.0,0.0,0.0,0.0,0.0,0.0,0.0,0.0,0.0,0.0,0.0,0.0,0.0,1.0,0
0.2840619143893633,0.944737358783776,-1.3855485199835884,0.5904798819442653,1.5302505267578361,0.9051725069635551,1.097686291965697,-0.2838565988642303,1.2084059522778021,0.0,0.0,0.0,0.0,0.0,0.0,0.0,0.0,0.0,0.0,0.0,0.0,0.0,0.0,0.0,0.0,0.0,0.0,1.0,0
1.6096473597217993,0.39475311618420356,-1.442936027351797,-0.8423126538910948,0.8011636012329513,0.9051725069635551,0.1674436716557843,-1.5682755982498873,0.3767432184321022,0.0,0.0,0.0,0.0,0.0,0.0,0.0,0.0,0.0,0.0,0.0,0.0,0.0,0.0,0.0,0.0,0.0,0.0,1.0,1
-1.4833853460538848,-0.7410631381270045,0.7377892526401343,-0.05320672972557927,0.7411211485426666,0.9051725069635551,-0.7627989486541282,-0.2838565988642303,1.2084059522778021,0.0,0.0,0.0,0.0,0.0,0.0,0.0,0.0,0.0,0.0,0.0,0.0,0.0,0.0,0.0,0.0,0.0,0.0,1.0,0
-1.0967562578319243,-0.5658534835136926,-0.23779837261941392,-1.0026138436851095,1.410165621377267,-0.04764065826123979,1.097686291965697,2.2849813999070836,1.2084059522778021,0.0,0.0,0.0,0.0,0.0,0.0,0.0,0.0,0.0,0.0,0.0,0.0,0.0,0.0,0.0,0.0,0.0,0.0,1.0,1
1.6096473597217993,-0.0239186161542428,1.5603435249177926,-1.053390205499653,1.1099533579258438,-1.0004538234860347,1.097686291965697,-0.2838565988642303,0.3767432184321022,0.0,0.0,0.0,0.0,0.0,0.0,0.0,0.0,0.0,0.0,0.0,0.0,0.0,0.0,0.0,0.0,0.0,0.0,1.0,0
0.6706910026113239,-1.617199547735116,0.4508517157990907,-0.32439684260421076,-1.2488572834781961,-1.0004538234860347,-0.7627989486541282,-0.2838565988642303,-1.2865822492592978,0.0,0.0,0.0,0.0,0.0,0.0,0.0,0.0,0.0,0.0,0.0,0.0,0.0,0.0,0.0,0.0,0.0,0.0,1.0,0
-1.3176871653873303,-0.3864859714693613,-0.9710831889909698,-0.8111026916170941,-0.5883903038850649,-1.0004538234860347,2.0279289122756095,1.0005624005214266,0.3767432184321022,0.0,0.0,0.0,0.0,0.0,0.0,0.0,0.0,0.0,0.0,0.0,0.0,0.0,0.0,0.0,0.0,0.0,0.0,1.0,1
0.4497600950559178,0.9353228321482295,0.7505420320552918,-0.8295698090977341,1.1442633308917207,1.8579856721883499,-0.7627989486541282,-1.5682755982498873,0.3767432184321022,0.0,0.0,0.0,0.0,0.0,0.0,0.0,0.0,0.0,0.0,0.0,0.0,0.0,0.0,0.0,0.0,0.0,0.0,1.0,1
0.7811564563890269,-0.4094490788719303,-1.0858582037273872,0.6342458829099439,0.2693590202618587,0.9051725069635551,0.1674436716557843,-0.2838565988642303,0.3767432184321022,0.0,0.0,0.0,0.0,0.0,0.0,0.0,0.0,0.0,0.0,0.0,0.0,0.0,0.0,0.0,0.0,0.0,0.0,1.0,1
0.3945273681670663,-1.1440098961212752,0.5337447819976144,-0.4805646907967061,1.444475594343144,0.9051725069635551,1.097686291965697,-1.5682755982498873,0.3767432184321022,0.0,0.0,0.0,0.0,0.0,0.0,0.0,0.0,0.0,0.0,0.0,0.0,0.0,0.0,0.0,0.0,0.0,0.0,1.0,1
0.7811564563890269,-0.1627343124308386,0.08102111275952341,0.3983990739068326,1.3587006619284516,0.9051725069635551,1.097686291965697,1.0005624005214266,0.3767432184321022,0.0,0.0,0.0,0.0,0.0,0.0,0.0,0.0,0.0,0.0,0.0,0.0,0.0,0.0,0.0,0.0,0.0,0.0,1.0,0
-1.1519889847207758,-0.0005650059726807724,-0.8116734463015011,-0.592461545704688,1.48736306055049,-0.04764065826123979,1.097686291965697,-0.2838565988642303,0.3767432184321022,0.0,0.0,0.0,0.0,0.0,0.0,0.0,0.0,0.0,0.0,0.0,0.0,0.0,0.0,0.0,0.0,0.0,0.0,1.0,0
0.8916219101667299,0.7604753736874261,-0.06563585051478776,0.4517886683306304,-1.20596981727085,0.9051725069635551,-0.7627989486541282,-0.2838565988642303,-1.2865822492592978,0.0,0.0,0.0,0.0,0.0,0.0,0.0,0.0,0.0,0.0,0.0,0.0,0.0,0.0,0.0,0.0,0.0,0.0,1.0,1
-0.1025671738325972,1.2481869680198805,-0.03375390197689403,2.7008202013973532,-1.4890270942393347,0.9051725069635551,1.097686291965697,-0.2838565988642303,0.3767432184321022,0.0,0.0,0.0,0.0,0.0,0.0,0.0,0.0,0.0,0.0,0.0,0.0,0.0,0.0,0.0,0.0,0.0,0.0,1.0,1
-0.6548944427211122,0.17018571163701104,-0.01462473285415779,0.24348960088281577,1.6589129253798747,-1.0004538234860347,1.097686291965697,1.0005624005214266,0.3767432184321022,0.0,0.0,0.0,0.0,0.0,0.0,0.0,0.0,0.0,0.0,0.0,0.0,0.0,0.0,0.0,0.0,0.0,0.0,1.0,1
-1.0415235309430728,-1.8857528765084661,-0.2059164240815202,-0.8180319663009425,-0.30533302691658015,-0.04764065826123979,-0.7627989486541282,1.0005624005214266,-1.2865822492592978,0.0,0.0,0.0,0.0,0.0,0.0,0.0,0.0,0.0,0.0,0.0,0.0,0.0,0.0,0.0,0.0,0.0,0.0,1.0,1
-0.26826535449915173,0.04047895909642098,0.06826833334436591,0.39740243256214036,-0.13378316208719532,-1.0004538234860347,1.097686291965697,-0.2838565988642303,1.2084059522778021,0.0,0.0,0.0,0.0,0.0,0.0,0.0,0.0,0.0,0.0,0.0,0.0,0.0,0.0,0.0,0.0,0.0,0.0,1.0,1
0.11836373372280881,-0.5339757187659837,-0.9965887478212848,-0.424048660187602,-0.6913202227826958,-1.0004538234860347,-0.7627989486541282,-0.2838565988642303,-0.4549195154135979,0.0,0.0,0.0,0.0,0.0,0.0,0.0,0.0,0.0,0.0,0.0,0.0,0.0,0.0,0.0,0.0,0.0,0.0,1.0,1
0.11836373372280881,1.2040936072795685,0.1894197377883621,-0.34840142667044727,1.1785733038575974,-0.04764065826123979,1.097686291965697,1.0005624005214266,-1.2865822492592978,0.0,0.0,0.0,0.0,0.0,0.0,0.0,0.0,0.0,0.0,0.0,0.0,0.0,0.0,0.0,0.0,0.0,0.0,1.0,0
0.5049928219447694,0.0008559078383655314,1.598601863163265,-1.0259789760955857,1.5731379929651823,2.810798837413145,1.097686291965697,-0.2838565988642303,-1.2865822492592978,0.0,0.0,0.0,0.0,0.0,0.0,0.0,0.0,0.0,0.0,0.0,0.0,0.0,0.0,0.0,0.0,0.0,0.0,1.0,1
0.6154582757224724,-1.4241103985027588,-0.11027057846783898,-0.03397699173092658,1.1099533579258438,-0.04764065826123979,-0.7627989486541282,1.0005624005214266,1.2084059522778021,0.0,0.0,0.0,0.0,0.0,0.0,0.0,0.0,0.0,0.0,0.0,0.0,0.0,0.0,0.0,0.0,0.0,0.0,1.0,1
1.6096473597217993,0.19574144869252907,-0.17403447554362644,-0.3857595677855458,-1.3775196821002345,1.8579856721883499,-0.7627989486541282,1.0005624005214266,0.3767432184321022,0.0,0.0,0.0,0.0,0.0,0.0,0.0,0.0,0.0,0.0,0.0,0.0,0.0,0.0,0.0,0.0,0.0,0.0,1.0,1
-0.0473344469437457,1.2517066396901744,-0.0018719534390002962,-1.0068405883374705,0.5867262701962204,0.9051725069635551,-0.7627989486541282,-0.2838565988642303,0.3767432184321022,0.0,0.0,0.0,0.0,0.0,0.0,0.0,0.0,0.0,0.0,0.0,0.0,0.0,0.0,0.0,0.0,0.0,0.0,1.0,1
0.7811564563890269,-0.23878263780926973,1.1012434659721229,0.23606354513734937,0.500951337781528,-1.0004538234860347,1.097686291965697,1.0005624005214266,0.3767432184321022,0.0,0.0,0.0,0.0,0.0,0.0,0.0,0.0,0.0,0.0,0.0,0.0,0.0,0.0,0.0,0.0,1.0,0.0,0.0,1
-1.7595489804981423,-3.317729783736198,-0.6458873139044538,-0.8311843475479924,1.3158131957211054,0.9051725069635551,-0.7627989486541282,1.0005624005214266,0.3767432184321022,0.0,0.0,0.0,0.0,0.0,0.0,0.0,0.0,0.0,0.0,0.0,0.0,0.0,0.0,0.0,0.0,0.0,0.0,1.0,1
-0.9310580771653697,-1.5558610181419639,1.3945573925207453,-0.4810491549724987,-0.7685176619559189,0.9051725069635551,2.0279289122756095,-0.2838565988642303,1.2084059522778021,0.0,0.0,0.0,0.0,0.0,0.0,0.0,0.0,0.0,0.0,0.0,0.0,0.0,0.0,0.0,0.0,0.0,0.0,1.0,0
-0.0473344469437457,-0.24597187760373693,0.4891100540445632,-0.48109431688719134,1.187150797099067,-0.04764065826123979,2.0279289122756095,1.0005624005214266,-1.2865822492592978,0.0,0.0,0.0,0.0,0.0,0.0,0.0,0.0,0.0,0.0,0.0,0.0,0.0,0.0,0.0,0.0,0.0,0.0,1.0,0
1.1125528177221358,-0.3123419100543863,0.5847558996582444,-0.849577563713681,1.564560499723713,-1.0004538234860347,-0.7627989486541282,-0.2838565988642303,1.2084059522778021,0.0,0.0,0.0,0.0,0.0,0.0,0.0,0.0,0.0,0.0,0.0,0.0,0.0,0.0,0.0,0.0,0.0,0.0,1.0,0
0.6706910026113239,-0.4920857715644681,-1.7617555127307343,-0.28783827266060047,0.500951337781528,-0.04764065826123979,1.097686291965697,-1.5682755982498873,-0.4549195154135979,0.0,0.0,0.0,0.0,0.0,0.0,0.0,0.0,0.0,0.0,0.0,0.0,0.0,0.0,0.0,0.0,0.0,0.0,1.0,1
1.1677855446109873,-1.1767265663447766,1.6432365911163163,-0.4568546855831232,-0.7856726484388573,-1.0004538234860347,1.097686291965697,-0.2838565988642303,-1.2865822492592978,0.0,0.0,0.0,0.0,0.0,0.0,0.0,0.0,0.0,0.0,0.0,0.0,0.0,0.0,0.0,0.0,0.0,0.0,1.0,0
-0.5444289889434092,0.5321148811914034,-1.7553791230231557,1.678402693894421,-1.0515749389244036,-1.0004538234860347,-0.7627989486541282,-0.2838565988642303,1.2084059522778021,0.0,0.0,0.0,0.0,0.0,0.0,0.0,0.0,0.0,0.0,0.0,0.0,0.0,0.0,0.0,0.0,0.0,0.0,1.0,0
1.6096473597217993,0.051954722805924704,-0.8116734463015011,1.473293699875343,-0.5540803309191881,-1.0004538234860347,-0.7627989486541282,-0.2838565988642303,1.2084059522778021,0.0,0.0,0.0,0.0,0.0,0.0,0.0,0.0,0.0,0.0,0.0,0.0,0.0,0.0,0.0,0.0,0.0,0.0,1.0,1
-0.7653598964988152,-0.6548167072253612,1.528461576379899,-0.3065075923502048,1.48736306055049,-0.04764065826123979,1.097686291965697,-0.2838565988642303,-0.4549195154135979,0.0,0.0,0.0,0.0,0.0,0.0,0.0,0.0,0.0,0.0,0.0,0.0,0.0,0.0,0.0,0.0,0.0,0.0,1.0,1
-0.9310580771653697,0.17173421277215936,0.34245309077025204,-0.806154382736805,1.0413334119940898,0.9051725069635551,-0.7627989486541282,1.0005624005214266,-1.2865822492592978,0.0,0.0,0.0,0.0,0.0,0.0,0.0,0.0,0.0,0.0,0.0,0.0,0.0,0.0,0.0,0.0,0.0,0.0,1.0,1
1.4991819059440963,1.7912965603784083,-0.4035845050164613,-0.30122056910972145,1.4273206078602052,-1.0004538234860347,1.097686291965697,1.0005624005214266,-0.4549195154135979,0.0,0.0,0.0,0.0,0.0,0.0,0.0,0.0,0.0,0.0,0.0,0.0,0.0,0.0,0.0,0.0,0.0,0.0,1.0,1
1.4439491790552448,-1.2060638113655635,-0.4673484020922488,-0.08758315806381822,-1.5833795198954963,-1.0004538234860347,-0.7627989486541282,-0.2838565988642303,-0.4549195154135979,0.0,0.0,0.0,0.0,0.0,0.0,0.0,0.0,0.0,0.0,0.0,0.0,0.0,0.0,0.0,0.0,0.0,0.0,1.0,1
0.6154582757224724,0.5389277715201201,1.4838268484268478,-0.5080580327729413,-0.922912540302365,-0.04764065826123979,2.0279289122756095,-0.2838565988642303,0.3767432184321022,0.0,0.0,0.0,0.0,0.0,0.0,0.0,0.0,0.0,0.0,0.0,0.0,0.0,0.0,0.0,0.0,0.0,0.0,1.0,1
-0.5996617158322607,-0.4961497024621547,-0.5693706374135088,-1.0370354339380412,-0.4597279052630263,-0.04764065826123979,-0.7627989486541282,-0.2838565988642303,-1.2865822492592978,0.0,0.0,0.0,0.0,0.0,0.0,0.0,0.0,0.0,0.0,0.0,0.0,0.0,0.0,0.0,0.0,0.0,0.0,1.0,1
-0.26826535449915173,-0.7748329435221877,1.3562990542752726,-0.8316154385518758,-1.6262669861028425,-0.04764065826123979,0.1674436716557843,-1.5682755982498873,-0.4549195154135979,0.0,0.0,0.0,0.0,0.0,0.0,0.0,0.0,0.0,0.0,0.0,0.0,0.0,0.0,0.0,0.0,0.0,0.0,1.0,1
-1.1519889847207758,1.4224515673080853,0.5146156128748782,0.26261464534795387,-0.7942501416803265,1.8579856721883499,-0.7627989486541282,1.0005624005214266,0.3767432184321022,0.0,0.0,0.0,0.0,0.0,0.0,0.0,0.0,0.0,0.0,0.0,0.0,0.0,0.0,0.0,0.0,0.0,0.0,1.0,1
-0.26826535449915173,-1.2427266826538759,-1.6087221597488444,-0.1450044797810773,1.0413334119940898,1.8579856721883499,1.097686291965697,1.0005624005214266,0.3767432184321022,0.0,0.0,0.0,0.0,0.0,0.0,0.0,0.0,0.0,0.0,0.0,0.0,0.0,0.0,0.0,0.0,0.0,0.0,1.0,1
-1.2624544384984788,-1.5537875577520248,0.7888003703007643,-0.5086554017354652,-0.8714475808535497,-1.0004538234860347,2.0279289122756095,-1.5682755982498873,1.2084059522778021,0.0,0.0,0.0,0.0,0.0,0.0,0.0,0.0,0.0,0.0,0.0,0.0,0.0,0.0,0.0,0.0,0.0,0.0,1.0,0
0.007898279945105802,0.1992939303162471,1.649612980823895,1.8719307360163193,1.4187431146187364,-1.0004538234860347,-0.7627989486541282,2.2849813999070836,-0.4549195154135979,0.0,0.0,0.0,0.0,0.0,0.0,0.0,0.0,0.0,0.0,0.0,0.0,0.0,0.0,0.0,0.0,0.0,0.0,1.0,1
-1.7595489804981423,0.61489053368668,-1.4238068582290608,-0.8043509853705596,-0.06516321615544167,0.9051725069635551,-0.7627989486541282,1.0005624005214266,-1.2865822492592978,0.0,0.0,0.0,0.0,0.0,0.0,0.0,0.0,0.0,0.0,0.0,0.0,0.0,0.0,0.0,0.0,0.0,0.0,1.0,1
0.06313100683395731,-0.284392976396146,0.9800920615281267,-0.033341645703774674,-1.3260547226514192,1.8579856721883499,-0.7627989486541282,-1.5682755982498873,1.2084059522778021,0.0,0.0,0.0,0.0,0.0,0.0,0.0,0.0,0.0,0.0,0.0,0.0,0.0,0.0,0.0,0.0,0.0,0.0,1.0,1
0.007898279945105802,1.3457238828940434,-1.0731054243122298,-1.030538276665228,-0.8714475808535497,0.9051725069635551,-0.7627989486541282,-0.2838565988642303,1.2084059522778021,0.0,0.0,0.0,0.0,0.0,0.0,0.0,0.0,0.0,0.0,0.0,0.0,0.0,0.0,0.0,0.0,0.0,0.0,1.0,0
0.1735964606116603,-1.3632324949223884,-1.0093415272364423,1.3356288934138112,-1.0773074186488114,-1.0004538234860347,-0.7627989486541282,-0.2838565988642303,-1.2865822492592978,0.0,0.0,0.0,0.0,0.0,0.0,0.0,0.0,0.0,0.0,0.0,0.0,0.0,0.0,0.0,0.0,0.0,0.0,1.0,0
-1.6490835267204393,0.23971836626480567,0.7250364732249768,1.592137278388759,1.3501231686869821,-0.04764065826123979,1.097686291965697,-1.5682755982498873,0.3767432184321022,0.0,0.0,0.0,0.0,0.0,0.0,0.0,0.0,0.0,0.0,0.0,0.0,0.0,0.0,0.0,0.0,0.0,0.0,1.0,1
0.06313100683395731,-0.7269683681353281,1.3818046131055877,0.8815987160881316,-0.5111928647118419,-0.04764065826123979,-0.7627989486541282,-0.2838565988642303,-1.2865822492592978,0.0,0.0,0.0,0.0,0.0,0.0,0.0,0.0,0.0,0.0,0.0,0.0,0.0,0.0,0.0,0.0,0.0,0.0,1.0,0
-1.6490835267204393,0.91414432887898,-0.6076289756589812,-0.525815902911478,-0.991532486234119,-0.04764065826123979,0.1674436716557843,-0.2838565988642303,1.2084059522778021,0.0,0.0,0.0,0.0,0.0,0.0,0.0,0.0,0.0,0.0,0.0,0.0,0.0,0.0,0.0,0.0,0.0,0.0,1.0,1
-0.7101271696099637,-0.416997298156806,-0.22504559320425643,0.9968149717260152,0.07207667570806622,-0.04764065826123979,1.097686291965697,-0.2838565988642303,-1.2865822492592978,0.0,0.0,0.0,0.0,0.0,0.0,0.0,0.0,0.0,0.0,0.0,0.0,0.0,0.0,0.0,0.0,0.0,0.0,1.0,1
0.8916219101667299,-1.8994198304407846,0.10652667158983839,-0.016158563570415736,-1.2574347767196652,-1.0004538234860347,-0.7627989486541282,1.0005624005214266,1.2084059522778021,0.0,0.0,0.0,0.0,0.0,0.0,0.0,0.0,0.0,0.0,0.0,0.0,0.0,0.0,0.0,0.0,0.0,0.0,1.0,0
-0.4339635351657062,-0.9120666853777905,-0.6331345344892962,-0.8859585652199775,-0.734207688990042,-0.04764065826123979,-0.7627989486541282,-0.2838565988642303,-0.4549195154135979,0.0,0.0,0.0,0.0,0.0,0.0,0.0,0.0,0.0,0.0,0.0,0.0,0.0,0.0,0.0,0.0,0.0,0.0,1.0,1
-0.26826535449915173,0.35566745500184493,-0.49923035063014254,-0.9643545170904645,-1.6348444793443115,-1.0004538234860347,-0.7627989486541282,1.0005624005214266,-1.2865822492592978,0.0,0.0,0.0,0.0,0.0,0.0,0.0,0.0,0.0,0.0,0.0,0.0,0.0,0.0,0.0,0.0,0.0,0.0,1.0,1
-1.5386180729427363,0.8546019834027095,-0.8945665125000248,-0.7328391462692284,0.9384034930964591,-0.04764065826123979,-0.7627989486541282,-1.5682755982498873,0.3767432184321022,0.0,0.0,0.0,0.0,0.0,0.0,0.0,0.0,0.0,0.0,0.0,0.0,0.0,0.0,0.0,0.0,0.0,0.0,1.0,1
-0.4891962620545577,-0.6837377161703523,-1.544958262673057,-0.7181153356723087,-0.5283478511947802,1.8579856721883499,-0.7627989486541282,-0.2838565988642303,0.3767432184321022,0.0,0.0,0.0,0.0,0.0,0.0,0.0,0.0,0.0,0.0,0.0,0.0,0.0,0.0,0.0,0.0,0.0,0.0,1.0,1
0.007898279945105802,0.31914418684869117,1.3116643263222214,-0.7255013615388429,0.9212485066135204,-1.0004538234860347,-0.7627989486541282,1.0005624005214266,1.2084059522778021,0.0,0.0,0.0,0.0,0.0,0.0,0.0,0.0,0.0,0.0,0.0,0.0,0.0,0.0,0.0,0.0,0.0,0.0,1.0,0
1.1125528177221358,0.0008559078383655314,-0.5566178579983513,0.7343760062262153,-1.6005345063784346,2.810798837413145,-0.7627989486541282,-0.2838565988642303,-1.2865822492592978,0.0,0.0,0.0,0.0,0.0,0.0,0.0,0.0,0.0,0.0,0.0,0.0,0.0,0.0,0.0,0.0,0.0,0.0,1.0,0
0.6154582757224724,1.0422086537510897,-0.7542859389332924,-0.04506013615933643,-0.24529057422629544,-1.0004538234860347,1.097686291965697,-1.5682755982498873,-1.2865822492592978,0.0,0.0,0.0,0.0,0.0,0.0,0.0,0.0,0.0,0.0,0.0,0.0,0.0,0.0,0.0,0.0,0.0,0.0,1.0,1
-0.7101271696099637,0.4727854787461814,-0.1549053064208902,-0.5799722234778969,-0.7856726484388573,-0.04764065826123979,-0.7627989486541282,1.0005624005214266,0.3767432184321022,0.0,0.0,0.0,0.0,0.0,0.0,0.0,0.0,0.0,0.0,0.0,0.0,0.0,0.0,0.0,0.0,0.0,0.0,1.0,1
1.1125528177221358,-0.6744241927247591,-1.5322054832578995,-0.5085876588634265,1.6160254591725285,0.9051725069635551,-0.7627989486541282,-0.2838565988642303,-0.4549195154135979,0.0,0.0,0.0,0.0,0.0,0.0,0.0,0.0,0.0,0.0,0.0,0.0,0.0,0.0,0.0,0.0,0.0,0.0,1.0,1
-0.2130326276103002,-1.4104415145731797,-1.6087221597488444,-0.5092928005769213,-0.9486450200267729,-0.04764065826123979,1.097686291965697,-0.2838565988642303,0.3767432184321022,0.0,0.0,0.0,0.0,0.0,0.0,0.0,0.0,0.0,0.0,0.0,0.0,0.0,0.0,0.0,0.0,0.0,0.0,1.0,0
-0.9310580771653697,1.5939755704867218,-0.7606623286408711,-0.7653885698767238,0.9812909593038053,-1.0004538234860347,-0.7627989486541282,1.0005624005214266,0.3767432184321022,0.0,0.0,0.0,0.0,0.0,0.0,0.0,0.0,0.0,0.0,0.0,0.0,0.0,0.0,0.0,0.0,0.0,0.0,1.0,1
-0.5444289889434092,0.253254723715847,-1.800013850976207,1.223364584745376,-0.39968545257274174,-1.0004538234860347,2.0279289122756095,-0.2838565988642303,1.2084059522778021,0.0,0.0,0.0,0.0,0.0,0.0,0.0,0.0,0.0,0.0,0.0,0.0,0.0,0.0,0.0,0.0,0.0,0.0,1.0,0
-1.4833853460538848,-0.653359559293865,0.4636044952142482,-0.3347758717262779,-1.42898464154905,1.8579856721883499,-0.7627989486541282,-0.2838565988642303,1.2084059522778021,0.0,0.0,0.0,0.0,0.0,0.0,0.0,0.0,0.0,0.0,0.0,0.0,0.0,0.0,0.0,0.0,0.0,0.0,1.0,1
-1.5386180729427363,-2.3056057671701913,0.22767807603383458,0.41546001358909124,-0.16809313505307244,-0.04764065826123979,-0.7627989486541282,-0.2838565988642303,1.2084059522778021,0.0,0.0,0.0,0.0,0.0,0.0,0.0,0.0,0.0,0.0,0.0,0.0,0.0,0.0,0.0,0.0,0.0,0.0,1.0,0
0.007898279945105802,1.1158161759277119,1.426439341058639,1.8542518992284944,1.5045180470334287,-1.0004538234860347,1.097686291965697,-1.5682755982498873,1.2084059522778021,0.0,0.0,0.0,0.0,0.0,0.0,0.0,0.0,0.0,0.0,0.0,1.0,0.0,0.0,0.0,0.0,0.0,0.0,0.0,1
-1.7043162536092908,-0.5476857759704482,-0.040130291684472776,1.6500081664386392,-1.4890270942393347,1.8579856721883499,-0.7627989486541282,-1.5682755982498873,-1.2865822492592978,0.0,0.0,0.0,0.0,0.0,0.0,0.0,0.0,0.0,0.0,0.0,0.0,0.0,0.0,0.0,0.0,0.0,0.0,1.0,1
-1.4281526191650333,0.31068629552181365,1.6177310322860012,-0.32210282261926015,1.118530851167313,0.9051725069635551,-0.7627989486541282,-0.2838565988642303,-0.4549195154135979,0.0,0.0,0.0,0.0,0.0,0.0,0.0,0.0,0.0,0.0,0.0,0.0,0.0,0.0,0.0,0.0,0.0,0.0,1.0,1
-0.9310580771653697,-0.5811866684140352,0.367958649600567,-0.5316992687073333,0.4752188580571202,-0.04764065826123979,-0.7627989486541282,-1.5682755982498873,-1.2865822492592978,0.0,0.0,0.0,0.0,0.0,0.0,0.0,0.0,0.0,0.0,0.0,0.0,0.0,0.0,0.0,0.0,0.0,0.0,1.0,0
0.3392946412782148,-0.2303646330924373,-0.30793865940278015,-0.6371779996932142,1.5302505267578361,-1.0004538234860347,-0.7627989486541282,2.2849813999070836,-1.2865822492592978,0.0,0.0,0.0,0.0,0.0,0.0,0.0,0.0,0.0,0.0,0.0,0.0,0.0,0.0,0.0,0.0,0.0,0.0,1.0,1
0.007898279945105802,-0.11446765428142487,-0.9838359684061273,-0.2585322956537511,-1.2574347767196652,0.9051725069635551,-0.7627989486541282,2.2849813999070836,1.2084059522778021,0.0,0.0,0.0,0.0,0.0,0.0,0.0,0.0,0.0,0.0,0.0,0.0,0.0,0.0,0.0,0.0,0.0,0.0,1.0,0
-0.5996617158322607,-0.5836918048578523,-0.8244262257166586,0.6223631673100456,0.0377667027421894,-1.0004538234860347,-0.7627989486541282,2.2849813999070836,1.2084059522778021,0.0,0.0,0.0,0.0,0.0,0.0,0.0,0.0,0.0,0.0,0.0,0.0,0.0,0.0,0.0,0.0,0.0,0.0,1.0,0
1.0573200908332843,-0.5948581256732947,-1.0986109831425448,-0.3917856041755435,-0.5026153714703725,-1.0004538234860347,-0.7627989486541282,-0.2838565988642303,0.3767432184321022,0.0,0.0,0.0,0.0,0.0,0.0,0.0,0.0,0.0,0.0,0.0,0.0,0.0,0.0,0.0,0.0,0.0,0.0,1.0,0
0.9468546370555814,-0.7146003023591642,-1.7298735641928407,0.6879126072648096,0.5266838175059357,-1.0004538234860347,-0.7627989486541282,-1.5682755982498873,1.2084059522778021,0.0,0.0,0.0,0.0,0.0,0.0,0.0,0.0,0.0,0.0,0.0,0.0,0.0,0.0,0.0,0.0,0.0,0.0,1.0,1
0.3392946412782148,0.12796058824463036,-1.5066999244275845,-0.9538851641390123,-0.5969677971265342,-0.04764065826123979,1.097686291965697,1.0005624005214266,-1.2865822492592978,0.0,0.0,0.0,0.0,0.0,0.0,0.0,0.0,0.0,0.0,0.0,0.0,0.0,0.0,0.0,0.0,0.0,0.0,1.0,1
-1.0415235309430728,0.41749041390732256,0.6676489658567681,1.191313995013803,-0.7599401687144496,-1.0004538234860347,-0.7627989486541282,1.0005624005214266,-1.2865822492592978,0.0,0.0,0.0,0.0,0.0,0.0,0.0,0.0,0.0,0.0,0.0,0.0,0.0,0.0,0.0,0.0,0.0,0.0,1.0,1
-1.5938507998315878,0.5803757493490365,1.1650073630479103,-0.9990121809883796,-0.5712353174021264,0.9051725069635551,-0.7627989486541282,-0.2838565988642303,1.2084059522778021,0.0,0.0,0.0,0.0,0.0,0.0,0.0,0.0,0.0,0.0,0.0,0.0,0.0,0.0,0.0,0.0,0.0,0.0,1.0,0
1.1125528177221358,0.41240680112379835,1.069361517434229,-1.0567876131731144,1.127108344408782,-1.0004538234860347,-0.7627989486541282,-0.2838565988642303,0.3767432184321022,0.0,0.0,0.0,0.0,0.0,0.0,0.0,0.0,0.0,0.0,0.0,0.0,0.0,0.0,0.0,0.0,0.0,0.0,1.0,1
-1.3176871653873303,-0.27550598234507045,1.3052879366146428,0.791914338358814,0.9126710133720514,0.9051725069635551,1.097686291965697,-1.5682755982498873,-1.2865822492592978,0.0,0.0,0.0,0.0,0.0,0.0,0.0,0.0,0.0,0.0,0.0,0.0,0.0,0.0,0.0,0.0,0.0,0.0,1.0,0
-1.1519889847207758,-1.313228195906321,-1.0029651375288635,0.5258798686051969,-0.9743774997511805,-1.0004538234860347,0.1674436716557843,1.0005624005214266,0.3767432184321022,0.0,0.0,0.0,0.0,0.0,0.0,0.0,0.0,0.0,0.0,0.0,0.0,0.0,0.0,0.0,0.0,0.0,0.0,1.0,1
-1.7043162536092908,1.1315231369641254,-1.442936027351797,3.704584811725115,-0.1166281756042569,-0.04764065826123979,-0.7627989486541282,-0.2838565988642303,-1.2865822492592978,0.0,0.0,0.0,0.0,0.0,0.0,0.0,0.0,0.0,0.0,0.0,0.0,0.0,0.0,0.0,0.0,0.0,0.0,1.0,0
-1.3729198922761818,0.7137868099644851,-0.3589497770634101,-0.7027572054553891,-0.1166281756042569,-1.0004538234860347,-0.7627989486541282,-1.5682755982498873,-1.2865822492592978,0.0,0.0,0.0,0.0,0.0,0.0,0.0,0.0,0.0,0.0,0.0,0.0,0.0,0.0,0.0,0.0,0.0,0.0,1.0,0
0.7259237295001754,-0.8257192512861935,-0.052883071099630266,-0.4588089648007276,0.7411211485426666,-0.04764065826123979,-0.7627989486541282,-0.2838565988642303,0.3767432184321022,0.0,0.0,0.0,0.0,0.0,0.0,0.0,0.0,0.0,0.0,0.0,0.0,0.0,0.0,0.0,0.0,0.0,0.0,1.0,1
-0.26826535449915173,0.0008559078383655314,-0.0007319322488577413,-0.14379434574874758,0.07207667570806622,0.9051725069635551,-0.7627989486541282,-0.2838565988642303,-1.2865822492592978,0.0,0.0,0.0,0.0,0.0,0.0,0.0,0.0,0.0,0.0,0.0,0.0,0.0,0.0,0.0,0.0,0.0,0.0,1.0,0
1.4991819059440963,-0.8379232672952356,-1.0284706963591785,-0.8589650835268164,-1.1116173916146883,-1.0004538234860347,-0.7627989486541282,1.0005624005214266,-1.2865822492592978,0.0,0.0,0.0,0.0,0.0,0.0,0.0,0.0,0.0,0.0,0.0,0.0,0.0,0.0,0.0,0.0,0.0,0.0,1.0,0
-0.1577999007214487,-0.6737531970106088,0.017257215683735942,-0.7348858021305221,0.6639237093694433,-0.04764065826123979,-0.7627989486541282,1.0005624005214266,-1.2865822492592978,0.0,0.0,0.0,0.0,0.0,0.0,0.0,0.0,0.0,0.0,0.0,0.0,0.0,0.0,0.0,0.0,0.0,0.0,1.0,1
-0.37873080827685474,0.41489328092743294,0.948210112990233,-0.7386157657212651,-1.1973923240293807,-0.04764065826123979,2.0279289122756095,-0.2838565988642303,-0.4549195154135979,0.0,0.0,0.0,0.0,0.0,0.0,0.0,0.0,0.0,0.0,0.0,0.0,0.0,0.0,0.0,0.0,0.0,0.0,1.0,1
1.0573200908332843,-1.0134983347231568,0.03638638480647218,-0.970051076784637,0.578148776954751,0.9051725069635551,-0.7627989486541282,-0.2838565988642303,1.2084059522778021,0.0,0.0,0.0,0.0,0.0,0.0,0.0,0.0,0.0,0.0,0.0,0.0,0.0,0.0,0.0,0.0,0.0,0.0,1.0,1
1.6096473597217993,0.0008559078383655314,-0.0007319322488577413,-0.2613415720290574,-1.3346322158928885,0.9051725069635551,1.097686291965697,-1.5682755982498873,0.3767432184321022,0.0,0.0,0.0,0.0,0.0,0.0,0.0,0.0,0.0,0.0,0.0,0.0,0.0,0.0,0.0,0.0,0.0,0.0,1.0,1
-0.8205926233876667,-0.010384832032881852,0.7824239805931855,0.3603860850286922,1.7018003915872209,-0.04764065826123979,-0.7627989486541282,-0.2838565988642303,-0.4549195154135979,0.0,0.0,0.0,0.0,0.0,0.0,0.0,0.0,0.0,0.0,0.0,0.0,0.0,0.0,0.0,0.0,0.0,0.0,1.0,1
-0.8205926233876667,0.0008559078383655314,-1.0986109831425448,-0.654558151999777,0.18358408784716634,-1.0004538234860347,-0.7627989486541282,-0.2838565988642303,0.3767432184321022,0.0,0.0,0.0,0.0,0.0,0.0,0.0,0.0,0.0,0.0,0.0,0.0,0.0,0.0,0.0,0.0,0.0,0.0,1.0,0
0.7811564563890269,-1.150052074210728,1.2797823777843278,-1.0436454959975854,0.6896561890938511,-1.0004538234860347,2.0279289122756095,1.0005624005214266,1.2084059522778021,0.0,0.0,0.0,0.0,0.0,0.0,0.0,0.0,0.0,0.0,0.0,0.0,0.0,0.0,0.0,0.0,0.0,0.0,1.0,1
1.1677855446109873,-0.8026229740726666,1.0566087380190716,2.0448618658169635,1.7361103645530978,-0.04764065826123979,-0.7627989486541282,-1.5682755982498873,0.3767432184321022,0.0,0.0,0.0,0.0,0.0,0.0,0.0,0.0,0.0,0.0,0.0,0.0,0.0,0.0,0.0,0.0,0.0,0.0,1.0,1
0.5049928219447694,2.426411052130774,0.871693436499288,-0.09772200791229309,1.0756433849599667,-0.04764065826123979,-0.7627989486541282,-0.2838565988642303,-0.4549195154135979,0.0,0.0,0.0,0.0,0.0,0.0,0.0,0.0,0.0,0.0,0.0,0.0,0.0,0.0,0.0,0.0,0.0,0.0,1.0,1
0.22882918750051182,0.48528349767120305,0.871693436499288,-0.5590212006891672,-1.4118296550661116,-0.04764065826123979,-0.7627989486541282,-0.2838565988642303,-1.2865822492592978,0.0,0.0,0.0,0.0,0.0,0.0,0.0,0.0,0.0,0.0,0.0,0.0,0.0,0.0,0.0,0.0,0.0,0.0,1.0,1
0.6706910026113239,0.4986159187450766,1.273405988076749,1.1952163950060992,-0.8886025673364881,1.8579856721883499,1.097686291965697,-0.2838565988642303,1.2084059522778021,0.0,0.0,0.0,0.0,0.0,0.0,0.0,0.0,0.0,0.0,0.0,0.0,0.0,0.0,0.0,0.0,0.0,0.0,1.0,0
0.6706910026113239,-0.058735766729327225,-0.3461969976482526,-0.48754220661670333,0.9298259998549897,1.8579856721883499,2.0279289122756095,-0.2838565988642303,1.2084059522778021,0.0,0.0,0.0,0.0,0.0,0.0,0.0,0.0,0.0,0.0,0.0,0.0,0.0,0.0,0.0,0.0,0.0,0.0,1.0,1
0.8916219101667299,0.6117581481332784,-1.5832166009185293,-0.6253630269653547,1.7103778848286904,-1.0004538234860347,2.0279289122756095,-0.2838565988642303,1.2084059522778021,0.0,0.0,0.0,0.0,0.0,0.0,0.0,0.0,0.0,0.0,0.0,0.0,0.0,0.0,0.0,0.0,0.0,0.0,1.0,0
-1.3176871653873303,-1.0702068008889458,-0.56299424770593,0.5639811284984181,0.6210362431620972,-1.0004538234860347,-0.7627989486541282,1.0005624005214266,-1.2865822492592978,0.0,0.0,0.0,0.0,0.0,0.0,0.0,0.0,0.0,0.0,0.0,0.0,0.0,0.0,0.0,0.0,0.0,0.0,1.0,1
-1.4281526191650333,-0.8324021884660529,0.5783795099506657,-0.547955505182343,-0.8199826214047343,-0.04764065826123979,-0.7627989486541282,2.2849813999070836,1.2084059522778021,0.0,0.0,0.0,0.0,0.0,0.0,0.0,0.0,0.0,0.0,0.0,0.0,0.0,0.0,0.0,0.0,0.0,0.0,1.0,0
1.2230182714998388,0.37008260453872427,0.6357670173188744,-0.5516680198515002,-0.9314900335438343,0.9051725069635551,-0.7627989486541282,-0.2838565988642303,1.2084059522778021,0.0,0.0,0.0,0.0,0.0,0.0,0.0,0.0,0.0,0.0,0.0,0.0,0.0,0.0,0.0,0.0,0.0,0.0,1.0,0
-0.7101271696099637,-0.7448054028146479,-1.5258290935503207,-0.8108974101866735,1.5216730335163668,-1.0004538234860347,-0.7627989486541282,-0.2838565988642303,1.2084059522778021,0.0,0.0,0.0,0.0,0.0,0.0,0.0,0.0,0.0,0.0,0.0,0.0,0.0,0.0,0.0,0.0,0.0,0.0,1.0,1
-1.1519889847207758,-1.7072564365609317,0.5975086790734019,-0.6083852262624164,1.2815032227552285,-0.04764065826123979,1.097686291965697,-0.2838565988642303,0.3767432184321022,0.0,0.0,0.0,0.0,0.0,0.0,0.0,0.0,0.0,0.0,0.0,0.0,0.0,0.0,0.0,0.0,0.0,0.0,1.0,1
1.6096473597217993,0.2445948260090619,-0.6713928727347687,-0.10530613035918344,-0.5712353174021264,0.9051725069635551,1.097686291965697,1.0005624005214266,1.2084059522778021,0.0,0.0,0.0,0.0,0.0,0.0,0.0,0.0,0.0,0.0,0.0,0.0,0.0,0.0,0.0,0.0,0.0,0.0,1.0,1
1.6096473597217993,0.3967094900736865,0.29144197310962205,-0.8612005983040971,1.3158131957211054,-1.0004538234860347,1.097686291965697,1.0005624005214266,1.2084059522778021,0.0,0.0,0.0,0.0,0.0,0.0,0.0,0.0,0.0,0.0,0.0,0.0,0.0,0.0,0.0,0.0,0.0,0.0,1.0,0
-0.4339635351657062,-1.3339981830888152,1.5922254734556864,0.33384216966815233,1.2471932497893516,-1.0004538234860347,1.097686291965697,1.0005624005214266,1.2084059522778021,0.0,0.0,0.0,0.0,0.0,0.0,0.0,0.0,0.0,0.0,0.0,0.0,0.0,0.0,0.0,0.0,0.0,0.0,1.0,1
0.8916219101667299,1.728606389370654,-1.0858582037273872,-0.21714242724519137,1.118530851167313,0.9051725069635551,1.097686291965697,1.0005624005214266,-0.4549195154135979,0.0,0.0,0.0,0.0,0.0,0.0,0.0,0.0,0.0,0.0,0.0,0.0,0.0,0.0,0.0,0.0,0.0,0.0,1.0,0
-0.32349808138800323,1.5658458604184373,0.04276277451405093,-0.32751814675375646,0.8440510674402975,1.8579856721883499,1.097686291965697,1.0005624005214266,-1.2865822492592978,0.0,0.0,0.0,0.0,0.0,0.0,0.0,0.0,0.0,0.0,0.0,0.0,0.0,0.0,0.0,0.0,0.0,0.0,1.0,0
-1.2624544384984788,-0.5378119099869597,0.418969767261197,-0.76980827907368,-0.22813558774335702,-1.0004538234860347,-0.7627989486541282,1.0005624005214266,-0.4549195154135979,0.0,0.0,0.0,0.0,0.0,0.0,0.0,0.0,0.0,0.0,0.0,0.0,0.0,0.0,0.0,0.0,0.0,0.0,1.0,0
-0.0473344469437457,-0.36598168057636266,0.5592503408279293,-0.8419205663589915,1.1099533579258438,-0.04764065826123979,0.1674436716557843,-0.2838565988642303,0.3767432184321022,0.0,0.0,0.0,0.0,0.0,0.0,0.0,0.0,0.0,0.0,0.0,0.0,0.0,0.0,0.0,0.0,0.0,0.0,1.0,1
-0.32349808138800323,0.5664469591217425,-1.041223475774336,0.5241934816542914,1.7704203375189747,1.8579856721883499,0.1674436716557843,-0.2838565988642303,1.2084059522778021,0.0,0.0,0.0,0.0,0.0,0.0,0.0,0.0,0.0,0.0,0.0,0.0,0.0,0.0,0.0,0.0,0.0,0.0,1.0,1
1.3334837252775418,2.1237842650599603,-0.3334442182330951,-0.4616808520123122,-1.574802026654027,0.9051725069635551,-0.7627989486541282,-0.2838565988642303,1.2084059522778021,0.0,0.0,0.0,0.0,0.0,0.0,0.0,0.0,0.0,0.0,0.0,0.0,0.0,0.0,0.0,0.0,0.0,0.0,1.0,1
1.2230182714998388,0.0008559078383655314,-0.0007319322488577413,-0.24132047412013327,-1.3003222429270114,-1.0004538234860347,-0.7627989486541282,1.0005624005214266,-1.2865822492592978,0.0,0.0,0.0,0.0,0.0,0.0,0.0,0.0,0.0,0.0,0.0,0.0,0.0,0.0,0.0,0.0,0.0,0.0,1.0,1
0.3945273681670663,-2.535875670289031,1.5093324072571626,1.821743531907083,1.778997830760444,-1.0004538234860347,-0.7627989486541282,-0.2838565988642303,0.3767432184321022,0.0,0.0,0.0,0.0,0.0,0.0,0.0,0.0,0.0,0.0,0.0,0.0,0.0,0.0,0.0,0.0,0.0,0.0,1.0,0
1.1125528177221358,0.31103948502044104,1.069361517434229,0.3455976107811899,1.332968182204044,-0.04764065826123979,1.097686291965697,2.2849813999070836,-1.2865822492592978,0.0,0.0,0.0,0.0,0.0,0.0,0.0,0.0,0.0,0.0,0.0,0.0,0.0,0.0,0.0,0.0,0.0,0.0,1.0,0
1.5544146328329478,1.6401140849904887,-1.143245711095596,-0.8329148700064384,0.2607815270203893,0.9051725069635551,1.097686291965697,1.0005624005214266,-1.2865822492592978,0.0,0.0,0.0,0.0,0.0,0.0,0.0,0.0,0.0,0.0,0.0,0.0,0.0,0.0,0.0,0.0,0.0,0.0,1.0,0
0.5049928219447694,-0.6311607308063587,-0.46097201238467006,1.6843835683697261,1.590292979448121,-0.04764065826123979,-0.7627989486541282,-0.2838565988642303,0.3767432184321022,0.0,0.0,0.0,0.0,0.0,0.0,0.0,0.0,0.0,0.0,0.0,0.0,0.0,0.0,0.0,0.0,0.0,0.0,1.0,1
1.4991819059440963,1.684430038748151,1.0566087380190716,0.41816562284203523,1.4702080740675514,-1.0004538234860347,-0.7627989486541282,-0.2838565988642303,-1.2865822492592978,0.0,0.0,0.0,0.0,0.0,0.0,0.0,0.0,0.0,0.0,0.0,0.0,0.0,0.0,0.0,0.0,0.0,0.0,1.0,1
-0.7653598964988152,0.10985399728129457,-0.7734151080560286,0.4792881687497782,0.3465564594350817,-0.04764065826123979,-0.7627989486541282,-0.2838565988642303,-1.2865822492592978,0.0,0.0,0.0,0.0,0.0,0.0,0.0,0.0,0.0,0.0,0.0,0.0,0.0,0.0,0.0,0.0,0.0,0.0,1.0,1
1.3887164521663933,2.3337653936465297,-0.6713928727347687,-0.21833819157739148,-1.3603646956172961,-1.0004538234860347,-0.7627989486541282,-0.2838565988642303,1.2084059522778021,0.0,0.0,0.0,0.0,0.0,0.0,0.0,0.0,0.0,0.0,0.0,0.0,0.0,0.0,0.0,0.0,0.0,0.0,1.0,1
0.6154582757224724,0.31454050005055195,-0.4227136741391976,0.7550663215983106,0.9212485066135204,-0.04764065826123979,1.097686291965697,1.0005624005214266,1.2084059522778021,0.0,0.0,0.0,0.0,0.0,0.0,0.0,0.0,0.0,0.0,0.0,0.0,0.0,0.0,0.0,0.0,0.0,0.0,1.0,1
-0.1577999007214487,1.0551557187053315,-1.1559984905107534,0.6294966970171625,0.8440510674402975,-1.0004538234860347,-0.7627989486541282,2.2849813999070836,0.3767432184321022,0.0,0.0,0.0,0.0,0.0,0.0,0.0,0.0,0.0,0.0,0.0,0.0,0.0,0.0,0.0,0.0,0.0,0.0,1.0,0
-0.5444289889434092,0.08917729329971272,-0.6076289756589812,0.932623468433484,1.7103778848286904,1.8579856721883499,-0.7627989486541282,-0.2838565988642303,-1.2865822492592978,0.0,0.0,0.0,0.0,0.0,0.0,0.0,0.0,0.0,0.0,0.0,0.0,0.0,0.0,0.0,0.0,0.0,0.0,1.0,1
-0.8758253502765182,-0.7696914308208561,-0.4737247917998275,0.4660505957091037,-1.497604587480804,0.9051725069635551,1.097686291965697,-0.2838565988642303,1.2084059522778021,0.0,0.0,0.0,0.0,0.0,0.0,0.0,0.0,0.0,0.0,0.0,0.0,0.0,0.0,0.0,0.0,0.0,0.0,1.0,0
0.22882918750051182,-0.13196114944841827,-0.5247359094604576,0.5390722797311787,0.40659891212536625,-0.04764065826123979,1.097686291965697,-0.2838565988642303,-0.4549195154135979,0.0,0.0,0.0,0.0,0.0,0.0,0.0,0.0,0.0,0.0,0.0,0.0,0.0,0.0,0.0,0.0,0.0,0.0,1.0,1
1.6096473597217993,-0.31761787923151574,-0.5247359094604576,0.5290843117340629,-0.6570102498168188,-0.04764065826123979,0.1674436716557843,1.0005624005214266,0.3767432184321022,0.0,0.0,0.0,0.0,0.0,0.0,0.0,0.0,0.0,0.0,0.0,0.0,0.0,0.0,0.0,0.0,0.0,0.0,1.0,1
1.0020873639444328,2.9378519627781214,0.693154524687083,-0.8924711186000719,-1.5576470401710885,0.9051725069635551,-0.7627989486541282,-0.2838565988642303,0.3767432184321022,0.0,0.0,0.0,0.0,0.0,0.0,0.0,0.0,0.0,0.0,0.0,0.0,0.0,0.0,0.0,0.0,0.0,0.0,1.0,0
-1.3176871653873303,-0.06709522819593156,-1.7553791230231557,-0.44511053494875885,-1.1802373375464421,-0.04764065826123979,1.097686291965697,-0.2838565988642303,1.2084059522778021,0.0,0.0,0.0,0.0,0.0,0.0,0.0,0.0,0.0,0.0,0.0,0.0,0.0,0.0,0.0,0.0,0.0,0.0,1.0,1
-1.6490835267204393,-0.29677648215039193,1.273405988076749,1.9959330368762058,0.35513395267655107,-1.0004538234860347,-0.7627989486541282,1.0005624005214266,-1.2865822492592978,0.0,0.0,0.0,0.0,0.0,0.0,0.0,0.0,0.0,0.0,0.0,0.0,0.0,0.0,0.0,0.0,0.0,0.0,1.0,1
-0.1025671738325972,1.4089209998488255,-0.01462473285415779,-0.24670397963291432,-1.6434219725857808,-0.04764065826123979,-0.7627989486541282,-1.5682755982498873,0.3767432184321022,0.0,0.0,0.0,0.0,0.0,0.0,0.0,0.0,0.0,0.0,0.0,0.0,0.0,0.0,0.0,0.0,0.0,0.0,1.0,1
-1.1519889847207758,-0.6087927058923692,-1.7234971744852619,-0.07436611316618581,-0.6398552633338804,0.9051725069635551,1.097686291965697,1.0005624005214266,-0.4549195154135979,0.0,0.0,0.0,0.0,0.0,0.0,0.0,0.0,0.0,0.0,0.0,0.0,0.0,0.0,0.0,0.0,0.0,0.0,1.0,0
-1.0415235309430728,0.257754190661932,0.1894197377883621,-0.6224860077180097,-1.1716598443049728,1.8579856721883499,2.0279289122756095,-0.2838565988642303,1.2084059522778021,0.0,0.0,0.0,0.0,0.0,0.0,0.0,0.0,0.0,0.0,0.0,0.0,0.0,0.0,0.0,0.0,0.0,0.0,1.0,0
-1.7043162536092908,-2.6654511830159233,1.5922254734556864,0.5128681051379851,1.15284082413319,-0.04764065826123979,1.097686291965697,-0.2838565988642303,-1.2865822492592978,0.0,0.0,0.0,0.0,0.0,0.0,0.0,0.0,0.0,0.0,0.0,0.0,0.0,0.0,0.0,0.0,0.0,0.0,1.0,0
1.0020873639444328,-0.48887425612339613,-0.9965887478212848,0.011021724224427914,-1.3088997361684807,0.9051725069635551,-0.7627989486541282,-1.5682755982498873,-0.4549195154135979,0.0,0.0,0.0,0.0,0.0,0.0,0.0,0.0,0.0,0.0,0.0,0.0,0.0,0.0,0.0,0.0,0.0,0.0,1.0,1
1.2230182714998388,-0.5911898442139613,1.247900429246434,-0.42466039885025547,1.384433141652859,-1.0004538234860347,1.097686291965697,1.0005624005214266,1.2084059522778021,0.0,0.0,0.0,0.0,0.0,0.0,0.0,0.0,0.0,0.0,0.0,0.0,0.0,0.0,0.0,0.0,0.0,0.0,1.0,1
-0.32349808138800323,-2.0061062189934176,0.23405446574141334,-0.021208486758763346,-0.39968545257274174,0.9051725069635551,-0.7627989486541282,-1.5682755982498873,0.3767432184321022,0.0,0.0,0.0,0.0,0.0,0.0,0.0,0.0,0.0,0.0,0.0,0.0,0.0,0.0,0.0,0.0,0.0,0.0,1.0,0
0.7811564563890269,0.0008559078383655314,-0.7734151080560286,-0.6382382782813367,1.0327559187526205,2.810798837413145,-0.7627989486541282,-0.2838565988642303,0.3767432184321022,0.0,0.0,0.0,0.0,0.0,0.0,0.0,0.0,0.0,0.0,0.0,0.0,0.0,0.0,0.0,0.0,0.0,0.0,1.0,1
0.4497600950559178,0.254118075823603,-0.5566178579983513,1.1106158119011484,0.9641359728208666,-1.0004538234860347,1.097686291965697,-1.5682755982498873,-0.4549195154135979,0.0,0.0,0.0,0.0,0.0,0.0,0.0,0.0,0.0,0.0,0.0,0.0,0.0,0.0,0.0,0.0,0.0,0.0,1.0,0
0.7259237295001754,-1.3278955317518744,-0.14852891671331148,0.17073478272028766,-0.5197703579533111,0.9051725069635551,-0.7627989486541282,-0.2838565988642303,1.2084059522778021,0.0,0.0,0.0,0.0,0.0,0.0,0.0,0.0,0.0,0.0,0.0,0.0,0.0,0.0,0.0,0.0,0.0,0.0,1.0,0
1.2782509983886903,-0.7365405112137959,0.6102614584885594,-0.6807058741996048,0.24362654053745092,-1.0004538234860347,-0.7627989486541282,-0.2838565988642303,-0.4549195154135979,0.0,0.0,0.0,0.0,0.0,0.0,0.0,0.0,0.0,0.0,0.0,0.0,0.0,0.0,0.0,0.0,0.0,0.0,1.0,0
-1.1519889847207758,2.119609680986018,-1.391924909691167,-0.6217870244474273,0.3294014729521433,-0.04764065826123979,-0.7627989486541282,1.0005624005214266,-1.2865822492592978,0.0,0.0,0.0,0.0,0.0,0.0,0.0,0.0,0.0,0.0,0.0,0.0,0.0,0.0,0.0,0.0,0.0,0.0,1.0,1
1.5544146328329478,-1.1048483217133465,-0.4163372844316188,-0.6374397335170005,0.41517640536683564,1.8579856721883499,1.097686291965697,-0.2838565988642303,-0.4549195154135979,0.0,0.0,0.0,0.0,0.0,0.0,0.0,0.0,0.0,0.0,0.0,0.0,0.0,0.0,0.0,0.0,0.0,0.0,1.0,1
-1.4281526191650333,0.612120344285787,-1.6788624465322106,-0.9950533286027178,-0.15093814857013402,-1.0004538234860347,-0.7627989486541282,-0.2838565988642303,0.3767432184321022,0.0,0.0,0.0,0.0,0.0,0.0,0.0,0.0,0.0,0.0,0.0,0.0,0.0,0.0,0.0,0.0,0.0,0.0,1.0,0
1.1677855446109873,-0.6500888572701452,-0.888190122792446,1.4669422924181283,-1.0601524321658728,0.9051725069635551,1.097686291965697,2.2849813999070836,1.2084059522778021,0.0,0.0,0.0,0.0,0.0,0.0,0.0,0.0,0.0,0.0,0.0,0.0,0.0,0.0,0.0,0.0,0.0,0.0,1.0,1
0.11836373372280881,0.0008559078383655314,-0.6395109241968749,-0.8319479944691571,-0.922912540302365,-1.0004538234860347,1.097686291965697,1.0005624005214266,-0.4549195154135979,0.0,0.0,0.0,0.0,0.0,0.0,0.0,0.0,0.0,0.0,0.0,0.0,0.0,0.0,0.0,0.0,0.0,0.0,1.0,0
0.6154582757224724,0.0008559078383655314,-0.0007319322488577413,-0.9571388748111793,-0.030853243189564547,-1.0004538234860347,-0.7627989486541282,-0.2838565988642303,1.2084059522778021,0.0,0.0,0.0,0.0,0.0,0.0,0.0,0.0,0.0,0.0,0.0,0.0,0.0,0.0,0.0,0.0,0.0,0.0,1.0,0
0.8363891832778784,-0.3562731510248363,0.017257215683735942,0.592298675417792,-1.4375621347905194,0.9051725069635551,0.1674436716557843,-0.2838565988642303,-1.2865822492592978,0.0,0.0,0.0,0.0,0.0,0.0,0.0,0.0,0.0,0.0,0.0,0.0,0.0,0.0,0.0,0.0,0.0,0.0,1.0,1
0.3945273681670663,-0.9513768695747591,0.9673392821129692,0.4094503997135273,0.8783610404061742,0.9051725069635551,-0.7627989486541282,-0.2838565988642303,-1.2865822492592978,0.0,0.0,0.0,0.0,0.0,0.0,0.0,0.0,0.0,0.0,0.0,0.0,0.0,0.0,0.0,0.0,0.0,0.0,1.0,0
0.4497600950559178,0.7548018250746826,-0.37807894618614635,-0.2528788450599669,0.1321191283983508,-1.0004538234860347,-0.7627989486541282,1.0005624005214266,0.3767432184321022,0.0,0.0,0.0,0.0,0.0,0.0,0.0,0.0,0.0,0.0,0.0,0.0,0.0,0.0,0.0,0.0,0.0,0.0,1.0,1
1.4439491790552448,-0.10994374070337627,1.2287712601236978,-0.16087786638835258,1.410165621377267,-0.04764065826123979,1.097686291965697,1.0005624005214266,-1.2865822492592978,0.0,0.0,0.0,0.0,0.0,0.0,0.0,0.0,0.0,0.0,0.0,0.0,0.0,0.0,0.0,0.0,0.0,0.0,1.0,1
1.0020873639444328,-1.6201762468428564,-0.9009429022076035,0.8918658668306196,0.8783610404061742,0.9051725069635551,-0.7627989486541282,-0.2838565988642303,0.3767432184321022,0.0,0.0,0.0,0.0,0.0,0.0,0.0,0.0,0.0,0.0,0.0,0.0,0.0,0.0,0.0,0.0,0.0,0.0,1.0,1
0.8363891832778784,1.5196249993648987,-0.5693706374135088,-0.9801950586688725,0.5095288310229974,0.9051725069635551,1.097686291965697,-1.5682755982498873,1.2084059522778021,0.0,0.0,0.0,0.0,0.0,0.0,0.0,0.0,0.0,0.0,0.0,0.0,0.0,0.0,0.0,0.0,0.0,0.0,1.0,0
0.7259237295001754,1.2736069619347608,-0.4163372844316188,1.8106624402929774,1.3158131957211054,-1.0004538234860347,-0.7627989486541282,-0.2838565988642303,-0.4549195154135979,0.0,0.0,0.0,0.0,0.0,0.0,0.0,0.0,0.0,0.0,0.0,0.0,0.0,0.0,0.0,0.0,0.0,0.0,1.0,0
1.4991819059440963,0.8882225356764326,-0.6395109241968749,-0.3851293537941545,-0.12520566884572626,-1.0004538234860347,-0.7627989486541282,-0.2838565988642303,1.2084059522778021,0.0,0.0,0.0,0.0,0.0,0.0,0.0,0.0,0.0,0.0,0.0,0.0,0.0,0.0,0.0,0.0,0.0,0.0,1.0,1
-0.9310580771653697,0.7624536208791922,-0.990212358113706,-0.20957164809127846,-0.1166281756042569,-1.0004538234860347,-0.7627989486541282,1.0005624005214266,0.3767432184321022,0.0,0.0,0.0,0.0,0.0,0.0,0.0,0.0,0.0,0.0,0.0,0.0,0.0,0.0,0.0,0.0,0.0,0.0,1.0,1
0.3392946412782148,-0.3889576546273337,-0.5183595197528788,0.7217758320269968,0.40659891212536625,-0.04764065826123979,-0.7627989486541282,1.0005624005214266,-1.2865822492592978,0.0,0.0,0.0,0.0,0.0,0.0,0.0,0.0,0.0,0.0,0.0,0.0,0.0,0.0,0.0,0.0,0.0,0.0,1.0,1
1.3887164521663933,0.0008559078383655314,-0.8116734463015011,-0.15813633288508494,-0.21955809450188765,-0.04764065826123979,-0.7627989486541282,-0.2838565988642303,0.3767432184321022,0.0,0.0,0.0,0.0,0.0,0.0,0.0,0.0,0.0,0.0,0.0,0.0,0.0,0.0,0.0,0.0,0.0,0.0,1.0,1
-0.37873080827685474,-2.2568424563924707,-0.46097201238467006,-0.2574535417368907,-0.5969677971265342,-1.0004538234860347,-0.7627989486541282,-1.5682755982498873,1.2084059522778021,0.0,0.0,0.0,0.0,0.0,0.0,0.0,0.0,0.0,0.0,0.0,0.0,0.0,0.0,0.0,0.0,0.0,0.0,1.0,0
-0.0473344469437457,-0.7388172646484822,0.5911322893658232,-0.31350666272039623,-0.16809313505307244,0.9051725069635551,-0.7627989486541282,-1.5682755982498873,1.2084059522778021,0.0,0.0,0.0,0.0,0.0,0.0,0.0,0.0,0.0,0.0,0.0,0.0,0.0,0.0,0.0,0.0,0.0,0.0,1.0,0
0.007898279945105802,-1.6023643021279201,-0.7734151080560286,0.1898156916778853,0.5438388039888742,0.9051725069635551,2.0279289122756095,-0.2838565988642303,0.3767432184321022,0.0,0.0,0.0,0.0,0.0,0.0,0.0,0.0,0.0,0.0,0.0,0.0,0.0,0.0,0.0,0.0,0.0,0.0,1.0,0
1.3887164521663933,-0.43586430804068405,1.451944899888954,1.1301503928199756,-0.8028276349217958,-0.04764065826123979,1.097686291965697,1.0005624005214266,0.3767432184321022,0.0,0.0,0.0,0.0,0.0,0.0,0.0,0.0,0.0,0.0,0.0,0.0,0.0,0.0,0.0,0.0,0.0,0.0,1.0,1
1.3887164521663933,0.8427267102603321,0.4508517157990907,0.3078915176415282,-0.38253046608980334,-1.0004538234860347,1.097686291965697,-1.5682755982498873,-1.2865822492592978,0.0,0.0,0.0,0.0,0.0,0.0,0.0,0.0,0.0,0.0,0.0,0.0,0.0,0.0,0.0,0.0,0.0,0.0,1.0,1
-1.2624544384984788,-0.18252386100512102,-1.3727957405684308,-0.9741854447933086,0.5953037634376896,0.9051725069635551,1.097686291965697,1.0005624005214266,0.3767432184321022,0.0,0.0,0.0,0.0,0.0,0.0,0.0,0.0,0.0,0.0,0.0,0.0,0.0,0.0,0.0,0.0,0.0,0.0,1.0,1
1.2230182714998388,0.10110145970601685,0.04913916422162968,-0.5217174591531301,-0.2796005471921724,-1.0004538234860347,2.0279289122756095,1.0005624005214266,-1.2865822492592978,0.0,0.0,0.0,0.0,0.0,0.0,0.0,0.0,0.0,0.0,0.0,0.0,0.0,0.0,0.0,0.0,0.0,0.0,1.0,1
1.1677855446109873,-0.3442473380961584,0.11290306129741715,0.5139088819902177,-1.2745897632026038,-1.0004538234860347,2.0279289122756095,2.2849813999070836,-1.2865822492592978,0.0,0.0,0.0,0.0,0.0,0.0,0.0,0.0,0.0,0.0,0.0,0.0,1.0,0.0,0.0,0.0,0.0,0.0,0.0,1
1.6096473597217993,1.3220807731234419,0.4891100540445632,1.5245791596373293,0.4752188580571202,-1.0004538234860347,1.097686291965697,1.0005624005214266,1.2084059522778021,0.0,0.0,0.0,0.0,0.0,0.0,0.0,0.0,0.0,0.0,0.0,0.0,0.0,0.0,0.0,0.0,0.0,0.0,1.0,0
0.1735964606116603,0.8988285139539794,-1.493947145012427,4.714907137347663,-0.26244556070923386,-1.0004538234860347,0.1674436716557843,-0.2838565988642303,1.2084059522778021,0.0,0.0,0.0,0.0,0.0,0.0,0.0,0.0,0.0,0.0,0.0,0.0,0.0,0.0,0.0,0.0,0.0,0.0,1.0,1
-1.1519889847207758,-0.23048622291983362,-0.8244262257166586,-0.8302616075182516,-0.699897716024165,-1.0004538234860347,-0.7627989486541282,1.0005624005214266,1.2084059522778021,0.0,0.0,0.0,0.0,0.0,0.0,0.0,0.0,0.0,0.0,0.0,0.0,0.0,0.0,0.0,0.0,0.0,0.0,1.0,1
0.1735964606116603,0.8670877790117494,-1.442936027351797,1.156207791190419,0.7411211485426666,-1.0004538234860347,1.097686291965697,-0.2838565988642303,0.3767432184321022,0.0,0.0,0.0,0.0,0.0,0.0,0.0,0.0,0.0,0.0,0.0,0.0,0.0,0.0,0.0,0.0,0.0,0.0,1.0,0
0.11836373372280881,-0.43233112638956883,0.3360767010626733,0.6888743507663302,-1.1888148307879114,-1.0004538234860347,-0.7627989486541282,-1.5682755982498873,0.3767432184321022,0.0,0.0,0.0,0.0,0.0,0.0,0.0,0.0,0.0,0.0,0.0,0.0,0.0,0.0,0.0,0.0,0.0,0.0,1.0,1
0.1735964606116603,-0.8667226864128299,0.6485197967340318,-0.6911085106861704,-1.1716598443049728,-1.0004538234860347,1.097686291965697,-0.2838565988642303,0.3767432184321022,0.0,0.0,0.0,0.0,0.0,0.0,0.0,0.0,0.0,0.0,0.0,0.0,0.0,0.0,0.0,0.0,0.0,0.0,1.0,0
0.5602255488336209,0.28319863120877536,0.5018628334597207,0.4618854354858691,-0.09089569587984914,-0.04764065826123979,-0.7627989486541282,-0.2838565988642303,0.3767432184321022,0.0,0.0,0.0,0.0,0.0,0.0,0.0,0.0,0.0,0.0,0.0,0.0,0.0,0.0,0.0,0.0,0.0,0.0,1.0,1
1.6096473597217993,-1.5177493622436165,0.6293906276112956,-1.046555360273798,1.3501231686869821,1.8579856721883499,-0.7627989486541282,1.0005624005214266,-1.2865822492592978,0.0,0.0,0.0,0.0,0.0,0.0,0.0,0.0,0.0,0.0,0.0,0.0,0.0,0.0,0.0,0.0,0.0,0.0,1.0,1
0.7811564563890269,-0.5243894223742739,1.6368602014087377,-0.6313100300046404,0.8697835471647052,-0.04764065826123979,-0.7627989486541282,1.0005624005214266,1.2084059522778021,0.0,0.0,0.0,0.0,0.0,0.0,0.0,0.0,0.0,0.0,0.0,0.0,0.0,0.0,0.0,0.0,0.0,0.0,0.0,0
0.2840619143893633,-1.6392639197468246,-1.1942568287562259,1.7041029025759318,-0.2796005471921724,0.9051725069635551,1.097686291965697,1.0005624005214266,0.3767432184321022,0.0,0.0,0.0,0.0,0.0,0.0,0.0,0.0,0.0,0.0,0.0,0.0,0.0,0.0,0.0,0.0,0.0,0.0,1.0,0
-0.2130326276103002,-0.6219694405205819,0.897198995329603,0.9384729627933197,0.4752188580571202,-1.0004538234860347,0.1674436716557843,-0.2838565988642303,0.3767432184321022,0.0,0.0,0.0,0.0,0.0,0.0,0.0,0.0,0.0,0.0,0.0,0.0,0.0,0.0,0.0,0.0,0.0,0.0,1.0,1
0.007898279945105802,1.3074809871819975,1.4391921204737965,-0.030950117039374395,0.8612060539232358,1.8579856721883499,-0.7627989486541282,-0.2838565988642303,1.2084059522778021,0.0,0.0,0.0,0.0,0.0,0.0,0.0,0.0,0.0,0.0,0.0,0.0,0.0,0.0,0.0,0.0,0.0,0.0,1.0,1
1.0573200908332843,0.44109685372997814,0.9418337232826542,-0.9306544910654615,0.7582761350256051,-1.0004538234860347,-0.7627989486541282,-0.2838565988642303,1.2084059522778021,0.0,0.0,0.0,0.0,0.0,0.0,0.0,0.0,0.0,0.0,0.0,0.0,0.0,0.0,0.0,0.0,0.0,0.0,1.0,0
0.8916219101667299,0.8703083011067025,-1.092234593434966,-0.1166961705260721,-1.5404920536881501,-0.04764065826123979,1.097686291965697,-0.2838565988642303,-1.2865822492592978,0.0,0.0,0.0,0.0,0.0,0.0,0.0,0.0,0.0,0.0,0.0,0.0,0.0,0.0,0.0,0.0,0.0,0.0,1.0,1
-0.7653598964988152,0.961231758702375,0.06826833334436591,0.3289759733600313,-1.617689492861373,-1.0004538234860347,0.1674436716557843,-0.2838565988642303,0.3767432184321022,0.0,0.0,0.0,0.0,0.0,0.0,0.0,0.0,0.0,0.0,0.0,0.0,0.0,0.0,0.0,0.0,0.0,0.0,1.0,0
0.6154582757224724,-0.4235637921686294,0.1894197377883621,-1.0433971054667766,0.9384034930964591,-1.0004538234860347,0.1674436716557843,1.0005624005214266,-0.4549195154135979,0.0,0.0,0.0,0.0,0.0,0.0,0.0,0.0,0.0,0.0,0.0,0.0,0.0,0.0,0.0,0.0,0.0,0.0,1.0,0
0.2840619143893633,1.3000022477984914,0.973715671820548,-0.4302204463931983,-1.283167256444073,-0.04764065826123979,-0.7627989486541282,1.0005624005214266,-1.2865822492592978,0.0,0.0,0.0,0.0,0.0,0.0,0.0,0.0,0.0,0.0,0.0,0.0,0.0,0.0,0.0,0.0,0.0,0.0,1.0,0
-0.26826535449915173,0.22047050358823597,0.4763572746294057,-0.6902812265215753,-1.0344199524414652,-1.0004538234860347,1.097686291965697,-1.5682755982498873,-1.2865822492592978,0.0,0.0,0.0,0.0,0.0,0.0,0.0,0.0,0.0,0.0,0.0,0.0,0.0,0.0,0.0,0.0,0.0,0.0,1.0,0
0.2840619143893633,-2.0601332756322863,0.27868919369446454,0.3326689862932984,0.6467687228865049,0.9051725069635551,-0.7627989486541282,1.0005624005214266,1.2084059522778021,0.0,0.0,0.0,0.0,0.0,0.0,0.0,0.0,0.0,0.0,0.0,0.0,0.0,0.0,0.0,0.0,0.0,0.0,1.0,0
0.22882918750051182,-0.5374767337960946,-0.3717025564785676,-0.6338863119564193,1.2815032227552285,-0.04764065826123979,-0.7627989486541282,1.0005624005214266,1.2084059522778021,0.0,0.0,0.0,0.0,0.0,0.0,0.0,0.0,0.0,0.0,0.0,0.0,0.0,0.0,0.0,0.0,0.0,0.0,1.0,1
0.8916219101667299,0.0008559078383655314,-0.11664696817541774,0.029308194046297746,1.2386157565478824,2.810798837413145,-0.7627989486541282,1.0005624005214266,0.3767432184321022,0.0,0.0,0.0,0.0,0.0,0.0,0.0,0.0,0.0,0.0,0.0,0.0,0.0,0.0,0.0,0.0,0.0,0.0,1.0,0
1.6096473597217993,-1.3590559808511864,1.6559893705314739,-0.07786513514770549,-1.3260547226514192,-0.04764065826123979,0.1674436716557843,1.0005624005214266,1.2084059522778021,0.0,0.0,0.0,0.0,0.0,0.0,0.0,0.0,0.0,0.0,0.0,0.0,0.0,0.0,0.0,0.0,0.0,0.0,1.0,0
0.8916219101667299,-0.48581456713346416,1.5093324072571626,-0.9416811831005057,-1.3860971753417037,1.8579856721883499,-0.7627989486541282,-1.5682755982498873,-1.2865822492592978,0.0,0.0,0.0,0.0,0.0,0.0,0.0,0.0,0.0,0.0,0.0,0.0,0.0,0.0,0.0,0.0,0.0,0.0,1.0,0
0.11836373372280881,-0.4184917593686672,1.4838268484268478,-0.4411280751985986,-1.283167256444073,-1.0004538234860347,-0.7627989486541282,-1.5682755982498873,-1.2865822492592978,0.0,0.0,0.0,0.0,0.0,0.0,0.0,0.0,0.0,0.0,0.0,0.0,0.0,0.0,0.0,0.0,0.0,0.0,1.0,0
1.2230182714998388,-2.0930783288649186,-0.36532616677098884,-0.49242585184641013,0.43233139184977404,-0.04764065826123979,2.0279289122756095,-0.2838565988642303,1.2084059522778021,0.0,0.0,0.0,0.0,0.0,0.0,0.0,0.0,0.0,0.0,0.0,0.0,0.0,0.0,0.0,0.0,0.0,0.0,1.0,1
0.4497600950559178,-0.05080862464902067,-0.046506681392051524,-0.28092234126972937,-0.2710230539507032,1.8579856721883499,-0.7627989486541282,1.0005624005214266,-1.2865822492592978,0.0,0.0,0.0,0.0,0.0,0.0,0.0,0.0,0.0,0.0,0.0,0.0,0.0,0.0,0.0,0.0,0.0,0.0,1.0,1
-1.4833853460538848,0.7183242335233554,0.6995309143946619,-0.8750724909647712,0.11496414191541239,0.9051725069635551,-0.7627989486541282,-0.2838565988642303,-1.2865822492592978,0.0,0.0,0.0,0.0,0.0,0.0,0.0,0.0,0.0,0.0,0.0,0.0,0.0,0.0,0.0,0.0,0.0,0.0,1.0,1
-0.4339635351657062,-1.0345501015056489,1.0757379071418078,-0.10959959147643093,0.6124587499206281,1.8579856721883499,2.0279289122756095,-1.5682755982498873,0.3767432184321022,0.0,0.0,0.0,0.0,0.0,0.0,0.0,0.0,0.0,0.0,0.0,0.0,0.0,0.0,0.0,0.0,0.0,0.0,1.0,0
1.5544146328329478,-1.5383076930599022,-0.6331345344892962,0.3538694260199892,0.3036689932277355,-1.0004538234860347,2.0279289122756095,-0.2838565988642303,-1.2865822492592978,0.0,0.0,0.0,0.0,0.0,0.0,0.0,0.0,0.0,0.0,0.0,0.0,0.0,0.0,0.0,0.0,0.0,0.0,1.0,1
0.9468546370555814,0.5484954112716472,-1.066729034604651,0.7818863404827664,-0.957222513268242,0.9051725069635551,-0.7627989486541282,-0.2838565988642303,1.2084059522778021,0.0,0.0,0.0,0.0,0.0,0.0,0.0,0.0,0.0,0.0,0.0,0.0,0.0,0.0,0.0,0.0,0.0,0.0,1.0,0
0.3392946412782148,-0.09784844787332889,-0.8754373433772886,-0.9171459465366317,-0.4768828917459649,1.8579856721883499,-0.7627989486541282,1.0005624005214266,1.2084059522778021,0.0,0.0,0.0,0.0,0.0,0.0,0.0,0.0,0.0,0.0,0.0,0.0,0.0,0.0,0.0,0.0,0.0,0.0,1.0,1
0.7811564563890269,-2.261585746325769,-1.391924909691167,0.07802353029941787,-0.26244556070923386,-0.04764065826123979,1.097686291965697,1.0005624005214266,-0.4549195154135979,0.0,0.0,0.0,0.0,0.0,0.0,0.0,0.0,0.0,0.0,0.0,0.0,0.0,0.0,0.0,0.0,0.0,0.0,1.0,1
-0.37873080827685474,0.0008559078383655314,1.6113546425784226,-0.7611105048667578,-0.7084752092656341,-1.0004538234860347,1.097686291965697,1.0005624005214266,0.3767432184321022,0.0,0.0,0.0,0.0,0.0,0.0,0.0,0.0,0.0,0.0,0.0,0.0,0.0,0.0,0.0,0.0,0.0,0.0,1.0,1
-0.32349808138800323,-0.6553841264198775,0.49548644375214196,-0.35734759140817834,-1.3775196821002345,-1.0004538234860347,-0.7627989486541282,-1.5682755982498873,1.2084059522778021,0.0,0.0,0.0,0.0,0.0,0.0,0.0,0.0,0.0,0.0,0.0,0.0,0.0,0.0,0.0,0.0,0.0,0.0,1.0,1
1.0020873639444328,-1.1997205537035103,0.30419475252477957,0.21101613140457595,1.1785733038575974,-0.04764065826123979,2.0279289122756095,-0.2838565988642303,-1.2865822492592978,0.0,0.0,0.0,0.0,0.0,0.0,0.0,0.0,0.0,0.0,0.0,0.0,0.0,0.0,0.0,0.0,0.0,0.0,1.0,0
1.3887164521663933,-2.3017258293446496,0.4572281055066695,-0.7434850412508424,-1.42898464154905,0.9051725069635551,-0.7627989486541282,-0.2838565988642303,-1.2865822492592978,0.0,0.0,0.0,0.0,0.0,0.0,0.0,0.0,0.0,0.0,0.0,0.0,0.0,0.0,0.0,0.0,0.0,0.0,1.0,1
0.11836373372280881,-1.184570075210472,-0.16128169612846896,-1.0448915542802386,-1.6005345063784346,-1.0004538234860347,2.0279289122756095,1.0005624005214266,-0.4549195154135979,0.0,0.0,0.0,0.0,0.0,0.0,0.0,0.0,0.0,0.0,0.0,0.0,0.0,0.0,0.0,0.0,0.0,0.0,1.0,1
-0.8205926233876667,0.39362149445727107,0.9609628924053905,-0.7783469601720262,-0.6741652362997572,-1.0004538234860347,-0.7627989486541282,-0.2838565988642303,1.2084059522778021,0.0,0.0,0.0,0.0,0.0,0.0,0.0,0.0,0.0,0.0,0.0,0.0,0.0,0.0,0.0,0.0,0.0,0.0,1.0,1
-0.5444289889434092,-0.47484832270066885,-0.6076289756589812,-1.005313294495141,1.1957282903405362,-0.04764065826123979,0.1674436716557843,1.0005624005214266,-1.2865822492592978,0.0,0.0,0.0,0.0,0.0,0.0,0.0,0.0,0.0,0.0,0.0,0.0,0.0,0.0,0.0,0.0,0.0,0.0,1.0,0
-1.1519889847207758,1.6078007841943813,0.7122836938098194,0.0008223163539787598,0.5953037634376896,0.9051725069635551,-0.7627989486541282,2.2849813999070836,-1.2865822492592978,0.0,0.0,0.0,0.0,0.0,0.0,0.0,0.0,0.0,0.0,0.0,0.0,0.0,0.0,0.0,0.0,0.0,0.0,1.0,0
0.4497600950559178,0.3878109160390493,0.6230142379037169,-0.2806318680456842,0.9898684525452743,-0.04764065826123979,2.0279289122756095,-1.5682755982498873,-1.2865822492592978,0.0,0.0,0.0,0.0,0.0,0.0,0.0,0.0,0.0,0.0,0.0,0.0,0.0,0.0,0.0,0.0,0.0,0.0,1.0,0
-0.4891962620545577,0.0008559078383655314,-0.021001122561736536,-0.19498948168134891,0.578148776954751,2.810798837413145,-0.7627989486541282,-1.5682755982498873,0.3767432184321022,0.0,0.0,0.0,0.0,0.0,0.0,0.0,0.0,0.0,0.0,0.0,0.0,0.0,0.0,0.0,0.0,0.0,0.0,1.0,1
-0.2130326276103002,-0.6499351008217447,-0.913695681622761,-0.03493976163959926,1.641757938896936,-1.0004538234860347,-0.7627989486541282,1.0005624005214266,-1.2865822492592978,0.0,0.0,0.0,0.0,0.0,0.0,0.0,0.0,0.0,0.0,0.0,0.0,0.0,0.0,0.0,0.0,0.0,0.0,1.0,1
0.8916219101667299,-0.34032622699573106,0.05551555392920842,-0.4732946489383594,-1.4375621347905194,-1.0004538234860347,2.0279289122756095,-0.2838565988642303,0.3767432184321022,0.0,0.0,0.0,0.0,0.0,0.0,0.0,0.0,0.0,0.0,0.0,0.0,0.0,0.0,0.0,0.0,0.0,0.0,1.0,0
1.3334837252775418,1.8687177571413045,-1.6150985494564232,0.1080644148271731,-0.5455028376777187,-1.0004538234860347,-0.7627989486541282,1.0005624005214266,1.2084059522778021,0.0,0.0,0.0,0.0,0.0,0.0,0.0,0.0,0.0,0.0,0.0,0.0,0.0,0.0,0.0,0.0,0.0,0.0,1.0,0
0.6154582757224724,-1.2396213170621182,-0.6458873139044538,0.5042750244605774,-1.1888148307879114,-1.0004538234860347,-0.7627989486541282,1.0005624005214266,0.3767432184321022,0.0,0.0,0.0,0.0,0.0,0.0,0.0,0.0,0.0,0.0,0.0,0.0,0.0,0.0,0.0,0.0,0.0,0.0,1.0,1
1.5544146328329478,0.43828034439483926,-1.1751276596334896,-0.4592636631691092,0.5181063242644663,-0.04764065826123979,-0.7627989486541282,2.2849813999070836,1.2084059522778021,0.0,0.0,0.0,0.0,0.0,0.0,0.0,0.0,0.0,0.0,0.0,0.0,0.0,0.0,0.0,0.0,0.0,0.0,1.0,1
-1.0415235309430728,-2.084723370725255,1.1331254145100167,1.0938638207716729,1.0070234390282127,-1.0004538234860347,1.097686291965697,-0.2838565988642303,-1.2865822492592978,0.0,0.0,0.0,0.0,0.0,0.0,0.0,0.0,0.0,0.0,0.0,0.0,0.0,0.0,0.0,0.0,0.0,0.0,1.0,0
1.2782509983886903,0.7588966359285336,0.4508517157990907,-0.5205760943999913,1.2043057835820055,0.9051725069635551,-0.7627989486541282,-1.5682755982498873,-1.2865822492592978,0.0,0.0,0.0,0.0,0.0,0.0,0.0,0.0,0.0,0.0,0.0,0.0,0.0,0.0,0.0,0.0,0.0,0.0,1.0,1
0.8363891832778784,1.2920873290341666,0.7888003703007643,0.22107697430949116,-1.1716598443049728,-1.0004538234860347,1.097686291965697,1.0005624005214266,-0.4549195154135979,0.0,0.0,0.0,0.0,0.0,0.0,0.0,0.0,0.0,0.0,0.0,0.0,0.0,0.0,0.0,0.0,0.0,0.0,1.0,0
-0.5444289889434092,1.9094606426378058,-1.0858582037273872,-0.06960153116612296,-1.3260547226514192,-1.0004538234860347,-0.7627989486541282,1.0005624005214266,1.2084059522778021,0.0,0.0,0.0,0.0,0.0,0.0,0.0,0.0,0.0,0.0,0.0,0.0,0.0,0.0,0.0,0.0,0.0,0.0,1.0,0
1.4991819059440963,-0.3599395024869094,-0.44821923296951255,-0.8826720095189432,-1.20596981727085,-1.0004538234860347,-0.7627989486541282,-0.2838565988642303,1.2084059522778021,0.0,0.0,0.0,0.0,0.0,0.0,0.0,0.0,0.0,0.0,0.0,0.0,0.0,0.0,0.0,0.0,0.0,0.0,1.0,1
-1.3176871653873303,-1.119086554834702,-1.2771498949547495,-0.5929306137731992,-1.4118296550661116,-1.0004538234860347,-0.7627989486541282,1.0005624005214266,1.2084059522778021,0.0,0.0,0.0,0.0,0.0,0.0,0.0,0.0,0.0,0.0,0.0,0.0,0.0,0.0,0.0,0.0,0.0,0.0,1.0,1
-1.7595489804981423,0.2109273104686723,0.5209920025824569,0.19703954521438727,1.6760679118628135,0.9051725069635551,-0.7627989486541282,1.0005624005214266,-1.2865822492592978,0.0,0.0,0.0,0.0,0.0,0.0,0.0,0.0,0.0,0.0,0.0,0.0,0.0,0.0,0.0,0.0,0.0,0.0,1.0,1
1.1125528177221358,-0.2353536760102082,0.5018628334597207,-0.9006485043808777,-0.6913202227826958,-1.0004538234860347,-0.7627989486541282,1.0005624005214266,1.2084059522778021,0.0,0.0,0.0,0.0,0.0,0.0,0.0,0.0,0.0,0.0,0.0,0.0,0.0,0.0,0.0,0.0,0.0,0.0,1.0,1
1.3334837252775418,-2.0382361700498004,-0.5948761962438237,0.1699875583135565,-0.1938256147774802,0.9051725069635551,1.097686291965697,-0.2838565988642303,-1.2865822492592978,0.0,0.0,0.0,0.0,0.0,0.0,0.0,0.0,0.0,0.0,0.0,0.0,0.0,0.0,0.0,0.0,0.0,0.0,1.0,0
1.3887164521663933,0.1060480426840623,-0.964706799283391,-0.2479212985153086,-1.2745897632026038,-1.0004538234860347,1.097686291965697,-0.2838565988642303,0.3767432184321022,0.0,0.0,0.0,0.0,0.0,0.0,0.0,0.0,0.0,0.0,0.0,0.0,0.0,0.0,0.0,0.0,0.0,0.0,1.0,0
-0.2130326276103002,-0.19654657776574766,1.4838268484268478,0.780967706081634,-0.5369253444362495,-1.0004538234860347,1.097686291965697,1.0005624005214266,-1.2865822492592978,0.0,0.0,0.0,0.0,0.0,0.0,0.0,0.0,0.0,0.0,0.0,0.0,0.0,0.0,0.0,0.0,0.0,0.0,1.0,1
-1.3729198922761818,-0.9380476651629858,1.2797823777843278,-0.7002753529616036,1.3415456754455128,0.9051725069635551,-0.7627989486541282,-0.2838565988642303,-1.2865822492592978,0.0,0.0,0.0,0.0,0.0,0.0,0.0,0.0,0.0,0.0,0.0,0.0,0.0,0.0,0.0,0.0,0.0,0.0,1.0,1
-0.2130326276103002,1.8814370824188351,-1.3281610126153796,0.8904330024462834,-1.5233370672052118,-1.0004538234860347,2.0279289122756095,-0.2838565988642303,-1.2865822492592978,0.0,0.0,0.0,0.0,0.0,0.0,0.0,0.0,0.0,0.0,0.0,0.0,0.0,0.0,0.0,0.0,0.0,0.0,1.0,1
-0.5444289889434092,-0.5075308963059061,-1.2516443361244347,-0.41642553426893186,1.5388280199993056,0.9051725069635551,-0.7627989486541282,-0.2838565988642303,1.2084059522778021,0.0,0.0,0.0,0.0,0.0,0.0,0.0,0.0,0.0,0.0,0.0,0.0,0.0,0.0,0.0,0.0,0.0,0.0,1.0,0
0.8363891832778784,0.19486458660395128,0.3807114290157245,-0.9151239244469886,1.5216730335163668,-0.04764065826123979,-0.7627989486541282,1.0005624005214266,0.3767432184321022,0.0,0.0,0.0,0.0,0.0,0.0,0.0,0.0,0.0,0.0,0.0,0.0,0.0,0.0,0.0,0.0,0.0,0.0,1.0,1
0.9468546370555814,2.0928721422748016,-0.537488688875615,1.3534996683390794,-0.811405128163265,-0.04764065826123979,-0.7627989486541282,-0.2838565988642303,0.3767432184321022,0.0,0.0,0.0,0.0,0.0,1.0,0.0,0.0,0.0,0.0,0.0,0.0,0.0,0.0,0.0,0.0,0.0,0.0,0.0,1
0.3392946412782148,0.26045168349935494,1.0566087380190716,-0.9958200547453387,0.43233139184977404,-1.0004538234860347,-0.7627989486541282,-1.5682755982498873,-1.2865822492592978,0.0,0.0,0.0,0.0,0.0,0.0,0.0,0.0,0.0,0.0,0.0,0.0,0.0,0.0,0.0,0.0,0.0,0.0,1.0,1
1.5544146328329478,0.8075197002386754,0.9864684512357055,-0.7960853285746728,0.5352613107474048,-1.0004538234860347,-0.7627989486541282,-0.2838565988642303,0.3767432184321022,0.0,0.0,0.0,0.0,0.0,0.0,0.0,0.0,0.0,0.0,0.0,0.0,0.0,0.0,0.0,0.0,0.0,0.0,1.0,1
-0.4339635351657062,0.1945011037866023,0.4380989363839332,0.044608845462699484,-1.3088997361684807,-1.0004538234860347,0.1674436716557843,-0.2838565988642303,0.3767432184321022,0.0,0.0,0.0,0.0,0.0,0.0,0.0,0.0,0.0,0.0,0.0,0.0,0.0,0.0,0.0,0.0,0.0,0.0,1.0,0
1.4991819059440963,-0.14160212909583536,0.3233239216475158,-0.6196089884706644,-0.8714475808535497,1.8579856721883499,2.0279289122756095,-1.5682755982498873,-0.4549195154135979,0.0,0.0,0.0,0.0,0.0,0.0,0.0,0.0,0.0,0.0,0.0,0.0,0.0,0.0,0.0,0.0,0.0,0.0,1.0,0
-0.6548944427211122,0.3760250661030639,1.2861587674919066,2.449543413676675,0.9555584795793975,-0.04764065826123979,-0.7627989486541282,-0.2838565988642303,0.3767432184321022,0.0,0.0,0.0,0.0,0.0,0.0,0.0,0.0,0.0,0.0,0.0,0.0,0.0,0.0,0.0,0.0,0.0,0.0,1.0,0
0.22882918750051182,0.0008559078383655314,-0.0007319322488577413,-0.6748861456471801,1.4787855673090207,-1.0004538234860347,-0.7627989486541282,-0.2838565988642303,-0.4549195154135979,0.0,0.0,0.0,0.0,0.0,0.0,0.0,0.0,0.0,0.0,0.0,0.0,0.0,0.0,0.0,0.0,0.0,0.0,1.0,1
-1.5938507998315878,0.40254322845903134,-1.3026554537850645,-0.037564284727527195,-1.1973923240293807,0.9051725069635551,-0.7627989486541282,-0.2838565988642303,-0.4549195154135979,0.0,0.0,0.0,0.0,0.0,0.0,0.0,0.0,0.0,0.0,0.0,0.0,0.0,0.0,0.0,0.0,0.0,0.0,1.0,1
0.8916219101667299,-1.3359854369344628,-0.7670387183484498,-0.8302708451826206,-0.5455028376777187,-1.0004538234860347,2.0279289122756095,1.0005624005214266,-0.4549195154135979,0.0,0.0,0.0,0.0,0.0,0.0,0.0,0.0,0.0,0.0,0.0,0.0,0.0,0.0,0.0,0.0,0.0,0.0,1.0,1
0.3392946412782148,0.25744925109481115,0.5975086790734019,-1.0088184749195732,1.7704203375189747,1.8579856721883499,1.097686291965697,1.0005624005214266,1.2084059522778021,0.0,0.0,0.0,0.0,0.0,0.0,0.0,0.0,0.0,0.0,0.0,0.0,0.0,0.0,0.0,0.0,0.0,0.0,1.0,1
-1.5386180729427363,-2.0036274591788246,1.024726789481178,-0.9930723627991588,-0.3224880133995186,-0.04764065826123979,1.097686291965697,-0.2838565988642303,-1.2865822492592978,0.0,0.0,0.0,0.0,0.0,0.0,0.0,0.0,0.0,0.0,0.0,0.0,0.0,0.0,0.0,0.0,0.0,0.0,1.0,0
-0.5444289889434092,-1.076169205758308,-0.8690609536697098,-1.0156091846378879,1.7704203375189747,-1.0004538234860347,2.0279289122756095,-1.5682755982498873,1.2084059522778021,0.0,0.0,0.0,0.0,0.0,0.0,0.0,0.0,0.0,0.0,0.0,0.0,0.0,0.0,0.0,0.0,0.0,0.0,1.0,1
0.6154582757224724,1.5826477732338378,0.2723128039868858,0.09169937919404032,-1.3432097091343576,-0.04764065826123979,-0.7627989486541282,-1.5682755982498873,1.2084059522778021,0.0,0.0,0.0,0.0,0.0,0.0,0.0,0.0,0.0,0.0,0.0,0.0,0.0,0.0,0.0,0.0,0.0,0.0,1.0,1
-0.0473344469437457,1.2545617489705188,0.13840862012773214,-0.5515191908144452,-0.4854603849874341,0.9051725069635551,1.097686291965697,1.0005624005214266,-1.2865822492592978,0.0,0.0,0.0,0.0,0.0,0.0,0.0,0.0,0.0,0.0,0.0,0.0,0.0,0.0,0.0,0.0,0.0,0.0,1.0,1
0.06313100683395731,1.993800236246312,-1.6597332774094744,2.206021131990136,1.1699958106161281,0.9051725069635551,-0.7627989486541282,1.0005624005214266,-0.4549195154135979,0.0,0.0,0.0,0.0,0.0,0.0,0.0,0.0,0.0,0.0,0.0,0.0,0.0,0.0,0.0,0.0,0.0,0.0,1.0,0
0.6154582757224724,0.011512273549603791,-0.8244262257166586,-0.8252671103161177,0.6381912296450358,-1.0004538234860347,-0.7627989486541282,-0.2838565988642303,1.2084059522778021,0.0,0.0,0.0,0.0,0.0,0.0,0.0,0.0,0.0,0.0,0.0,0.0,0.0,0.0,0.0,0.0,0.0,0.0,1.0,1
0.007898279945105802,-2.488708467245545,-0.486477571214985,-0.5225601394250068,0.6467687228865049,-0.04764065826123979,2.0279289122756095,-0.2838565988642303,-0.4549195154135979,0.0,0.0,0.0,0.0,0.0,0.0,0.0,0.0,0.0,0.0,0.0,0.0,0.0,0.0,0.0,0.0,0.0,0.0,1.0,0
0.3392946412782148,-0.25364619004294947,-1.1623748802183322,-0.5495936509970997,-0.8285601146462035,0.9051725069635551,0.1674436716557843,-0.2838565988642303,0.3767432184321022,0.0,0.0,0.0,0.0,0.0,0.0,0.0,0.0,0.0,0.0,0.0,0.0,0.0,0.0,0.0,0.0,0.0,0.0,1.0,0
-1.7043162536092908,0.44699170869523147,-0.3206914388179376,1.4490612534213394,0.8354735741988281,-1.0004538234860347,-0.7627989486541282,-0.2838565988642303,0.3767432184321022,0.0,1.0,0.0,0.0,0.0,0.0,0.0,0.0,0.0,0.0,0.0,0.0,0.0,0.0,0.0,0.0,0.0,0.0,0.0,0
0.8916219101667299,1.2880832280515486,1.0183503997735992,0.5118478564287945,1.1785733038575974,-1.0004538234860347,-0.7627989486541282,-0.2838565988642303,-0.4549195154135979,0.0,0.0,0.0,0.0,0.0,0.0,0.0,0.0,0.0,0.0,0.0,0.0,0.0,0.0,0.0,0.0,0.0,0.0,1.0,0
-1.2072217116096273,0.5625773146149218,-1.0475998654819147,1.6314004311781611,1.7704203375189747,-0.04764065826123979,-0.7627989486541282,1.0005624005214266,-1.2865822492592978,0.0,0.0,0.0,0.0,0.0,0.0,0.0,0.0,0.0,0.0,0.0,0.0,0.0,0.0,0.0,0.0,0.0,0.0,1.0,1
1.5544146328329478,1.0748603474001621,1.0821142968493866,3.5894578535094643,0.46664136481565116,-0.04764065826123979,-0.7627989486541282,-1.5682755982498873,1.2084059522778021,0.0,0.0,0.0,0.0,0.0,0.0,0.0,0.0,0.0,0.0,0.0,0.0,0.0,0.0,0.0,0.0,0.0,0.0,1.0,0
-1.5386180729427363,0.0008559078383655314,-0.0007319322488577413,0.754600332751256,1.3158131957211054,-0.04764065826123979,-0.7627989486541282,-1.5682755982498873,-1.2865822492592978,0.0,0.0,0.0,0.0,0.0,0.0,0.0,0.0,0.0,0.0,0.0,0.0,0.0,0.0,0.0,0.0,0.0,0.0,1.0,1
-0.4339635351657062,-0.006143984719671419,-0.32706782852551636,-0.18918514923620547,1.2128832768234743,0.9051725069635551,-0.7627989486541282,1.0005624005214266,1.2084059522778021,0.0,0.0,0.0,0.0,0.0,0.0,0.0,0.0,0.0,0.0,0.0,0.0,0.0,0.0,0.0,0.0,0.0,0.0,1.0,0
0.7259237295001754,-0.5120136366090692,1.2287712601236978,-0.9857499741760548,0.6725012026109127,-1.0004538234860347,0.1674436716557843,2.2849813999070836,-1.2865822492592978,0.0,0.0,0.0,0.0,0.0,0.0,0.0,0.0,0.0,0.0,0.0,0.0,0.0,0.0,0.0,0.0,0.0,0.0,1.0,0
1.4439491790552448,-1.025076388287454,-1.6788624465322106,-1.0123236553440056,0.6124587499206281,-0.04764065826123979,2.0279289122756095,1.0005624005214266,-0.4549195154135979,0.0,0.0,0.0,0.0,0.0,0.0,0.0,0.0,0.0,0.0,0.0,0.0,0.0,0.0,0.0,0.0,0.0,0.0,1.0,0
0.007898279945105802,0.556782176174782,0.5975086790734019,-0.42127941369122773,1.4187431146187364,-1.0004538234860347,-0.7627989486541282,1.0005624005214266,-1.2865822492592978,0.0,0.0,0.0,0.0,0.0,0.0,0.0,0.0,0.0,0.0,0.0,0.0,0.0,0.0,0.0,0.0,0.0,0.0,1.0,1
-1.7595489804981423,-1.3120277376104394,0.6804017452719255,-0.8745592873887197,1.187150797099067,-1.0004538234860347,-0.7627989486541282,-0.2838565988642303,-1.2865822492592978,0.0,0.0,0.0,0.0,0.0,0.0,0.0,0.0,0.0,0.0,0.0,0.0,0.0,0.0,0.0,0.0,0.0,0.0,1.0,0
-1.2624544384984788,-0.27052723274602064,1.1586309733403315,-0.6671100850628465,-0.8800250740950188,0.9051725069635551,-0.7627989486541282,-0.2838565988642303,-1.2865822492592978,0.0,0.0,0.0,0.0,0.0,0.0,0.0,0.0,0.0,0.0,0.0,0.0,0.0,0.0,0.0,0.0,0.0,0.0,1.0,0
-0.4891962620545577,0.8220204129874263,-0.040130291684472776,-0.34532528443559407,-1.1973923240293807,-1.0004538234860347,2.0279289122756095,-0.2838565988642303,0.3767432184321022,0.0,0.0,0.0,0.0,0.0,0.0,0.0,0.0,0.0,0.0,0.0,0.0,0.0,0.0,0.0,0.0,0.0,0.0,1.0,1
1.3887164521663933,1.291818416082571,-0.5247359094604576,-0.19098136175238598,-1.3346322158928885,-0.04764065826123979,-0.7627989486541282,1.0005624005214266,1.2084059522778021,0.0,0.0,0.0,0.0,0.0,0.0,0.0,0.0,0.0,0.0,0.0,0.0,0.0,0.0,0.0,0.0,0.0,0.0,1.0,1
1.3334837252775418,0.638813493060018,-1.1113637625577022,-0.35257993018665923,1.127108344408782,-0.04764065826123979,2.0279289122756095,-0.2838565988642303,-1.2865822492592978,0.0,0.0,0.0,0.0,0.0,0.0,0.0,0.0,0.0,0.0,0.0,0.0,0.0,0.0,0.0,0.0,0.0,0.0,1.0,1
-0.2130326276103002,-1.4952417341944684,-0.0975177990526815,0.2536612957601579,-1.4118296550661116,-0.04764065826123979,-0.7627989486541282,1.0005624005214266,-1.2865822492592978,0.0,0.0,0.0,0.0,0.0,0.0,0.0,0.0,0.0,0.0,0.0,0.0,0.0,0.0,0.0,0.0,0.0,0.0,1.0,0
-0.2130326276103002,0.03672833108731619,1.2861587674919066,-1.0579423212192305,-1.6262669861028425,-1.0004538234860347,-0.7627989486541282,-1.5682755982498873,1.2084059522778021,0.0,0.0,0.0,0.0,0.0,0.0,0.0,0.0,0.0,0.0,0.0,0.0,0.0,0.0,0.0,0.0,0.0,0.0,1.0,1
-0.9862908040542212,0.0008559078383655314,-0.0007319322488577413,-0.7383725072262165,1.5045180470334287,1.8579856721883499,0.1674436716557843,1.0005624005214266,1.2084059522778021,0.0,0.0,0.0,0.0,0.0,0.0,0.0,0.0,0.0,0.0,0.0,0.0,0.0,0.0,0.0,0.0,0.0,0.0,1.0,1
1.4991819059440963,0.09222025564672182,1.477450458719269,-0.5340897709645815,-1.5404920536881501,1.8579856721883499,-0.7627989486541282,-0.2838565988642303,0.3767432184321022,0.0,0.0,0.0,0.0,0.0,0.0,0.0,0.0,0.0,0.0,0.0,0.0,0.0,0.0,0.0,0.0,0.0,0.0,1.0,0
0.1735964606116603,0.8837159920737265,-0.6777692624423475,-0.5838725706558888,1.0584883984770284,0.9051725069635551,-0.7627989486541282,1.0005624005214266,0.3767432184321022,0.0,0.0,0.0,0.0,0.0,0.0,0.0,0.0,0.0,0.0,0.0,0.0,0.0,0.0,0.0,0.0,0.0,0.0,1.0,1
-1.7595489804981423,0.45203221820660955,-1.544958262673057,-0.457788716091537,-0.005120763465156779,-0.04764065826123979,0.1674436716557843,-0.2838565988642303,0.3767432184321022,0.0,0.0,0.0,0.0,0.0,0.0,0.0,0.0,0.0,0.0,0.0,0.0,0.0,0.0,0.0,0.0,0.0,0.0,1.0,0
-1.3729198922761818,0.0008559078383655314,-0.0007319322488577413,-0.6137399923749386,1.0327559187526205,-1.0004538234860347,1.097686291965697,-1.5682755982498873,1.2084059522778021,0.0,0.0,0.0,0.0,0.0,0.0,0.0,0.0,0.0,0.0,0.0,0.0,0.0,0.0,0.0,0.0,0.0,0.0,1.0,1
-0.7101271696099637,-1.3187614980514855,-0.36532616677098884,-0.6744376057217109,1.2557707430308205,0.9051725069635551,-0.7627989486541282,1.0005624005214266,1.2084059522778021,0.0,0.0,0.0,0.0,0.0,0.0,0.0,0.0,0.0,0.0,0.0,0.0,0.0,0.0,0.0,0.0,0.0,0.0,1.0,0
1.5544146328329478,0.2035084010002342,0.12565584071257463,0.20521487818088888,-1.0944624051317497,-1.0004538234860347,-0.7627989486541282,1.0005624005214266,-0.4549195154135979,0.0,0.0,0.0,0.0,0.0,0.0,0.0,0.0,0.0,0.0,0.0,0.0,0.0,0.0,0.0,0.0,0.0,0.0,1.0,1
0.7811564563890269,1.2143039361187624,-1.4046776891063246,-0.44494323058296603,-1.574802026654027,-0.04764065826123979,-0.7627989486541282,-0.2838565988642303,0.3767432184321022,0.0,0.0,0.0,0.0,0.0,0.0,0.0,0.0,0.0,0.0,0.0,0.0,0.0,0.0,0.0,0.0,0.0,0.0,1.0,1
0.8916219101667299,-0.261669831986269,-0.5438650785831938,0.297233305774089,0.1921615810886354,-0.04764065826123979,-0.7627989486541282,1.0005624005214266,-1.2865822492592978,0.0,0.0,0.0,0.0,0.0,0.0,0.0,0.0,0.0,0.0,0.0,0.0,0.0,0.0,0.0,0.0,0.0,0.0,1.0,0
-0.7653598964988152,0.8961496777567391,-1.6023457700412658,2.903157896105753,0.9898684525452743,-1.0004538234860347,-0.7627989486541282,1.0005624005214266,-1.2865822492592978,0.0,0.0,0.0,0.0,0.0,0.0,0.0,0.0,0.0,0.0,0.0,0.0,0.0,0.0,0.0,0.0,0.0,0.0,1.0,1
-0.4339635351657062,0.297110694793147,-1.015717916944021,-0.5161173817312552,-0.6141227836094726,-1.0004538234860347,-0.7627989486541282,-0.2838565988642303,1.2084059522778021,0.0,0.0,0.0,0.0,0.0,0.0,0.0,0.0,0.0,0.0,0.0,0.0,0.0,0.0,0.0,0.0,0.0,0.0,1.0,1
-0.4339635351657062,0.7216695621078055,-0.14215252700573272,0.8591860895148069,0.2693590202618587,-1.0004538234860347,-0.7627989486541282,-0.2838565988642303,-1.2865822492592978,0.0,0.0,0.0,0.0,0.0,0.0,0.0,0.0,0.0,0.0,0.0,0.0,0.0,0.0,0.0,0.0,0.0,0.0,1.0,0
0.3392946412782148,-0.8979333154409088,-1.3217846229078007,-0.5106456052033933,1.4015881281357978,-1.0004538234860347,-0.7627989486541282,1.0005624005214266,-0.4549195154135979,0.0,0.0,0.0,0.0,0.0,0.0,0.0,0.0,0.0,0.0,0.0,0.0,0.0,0.0,0.0,0.0,0.0,0.0,1.0,0
-0.5444289889434092,3.0154307759839383,-0.14852891671331148,-0.8560798530222545,1.6074479659310592,-0.04764065826123979,1.097686291965697,-1.5682755982498873,1.2084059522778021,0.0,0.0,0.0,0.0,0.0,0.0,0.0,0.0,0.0,0.0,0.0,0.0,0.0,0.0,0.0,0.0,0.0,0.0,1.0,0
0.6706910026113239,-1.8441003189699623,-1.4046776891063246,-0.9781791950221419,-1.2317022969952576,-0.04764065826123979,-0.7627989486541282,1.0005624005214266,0.3767432184321022,0.0,0.0,0.0,0.0,0.0,0.0,0.0,0.0,0.0,0.0,0.0,0.0,0.0,0.0,0.0,0.0,0.0,0.0,1.0,0
-1.6490835267204393,-1.2003709627802177,1.502956017549584,0.6380538534442468,0.8526285606817667,-0.04764065826123979,-0.7627989486541282,-0.2838565988642303,-1.2865822492592978,0.0,0.0,0.0,0.0,0.0,0.0,0.0,0.0,0.0,0.0,0.0,0.0,0.0,0.0,0.0,0.0,0.0,0.0,1.0,1
-1.5938507998315878,1.2048385862220288,-0.4673484020922488,-0.4092920045618149,1.7532653510360365,-1.0004538234860347,-0.7627989486541282,-0.2838565988642303,1.2084059522778021,0.0,0.0,0.0,0.0,0.0,0.0,0.0,0.0,0.0,0.0,0.0,0.0,0.0,0.0,0.0,0.0,0.0,0.0,1.0,1
1.5544146328329478,-0.5130757784346318,0.4572281055066695,-0.037895814237656464,-0.3224880133995186,1.8579856721883499,-0.7627989486541282,1.0005624005214266,0.3767432184321022,0.0,0.0,0.0,0.0,0.0,0.0,0.0,0.0,0.0,0.0,0.0,0.0,0.0,0.0,0.0,0.0,0.0,0.0,1.0,0
0.6154582757224724,0.6594187871429702,-0.6905220418575049,0.2818556738212796,0.020611716259250682,-1.0004538234860347,-0.7627989486541282,1.0005624005214266,-1.2865822492592978,0.0,0.0,0.0,0.0,0.0,0.0,0.0,0.0,0.0,0.0,0.0,0.0,0.0,0.0,0.0,0.0,0.0,0.0,1.0,0
-1.2072217116096273,-0.39663840039074705,-0.3589497770634101,-0.7250158709558983,1.7189553780701596,-1.0004538234860347,1.097686291965697,-0.2838565988642303,-0.4549195154135979,0.0,0.0,0.0,0.0,0.0,0.0,0.0,0.0,0.0,0.0,0.0,0.0,0.0,0.0,0.0,0.0,0.0,0.0,1.0,1
1.1125528177221358,-0.1521579274446156,1.6113546425784226,-1.0013821551025859,-0.8457151011291419,-0.04764065826123979,-0.7627989486541282,-1.5682755982498873,-0.4549195154135979,0.0,0.0,0.0,0.0,0.0,0.0,0.0,0.0,0.0,0.0,0.0,0.0,0.0,0.0,0.0,0.0,0.0,0.0,1.0,0
1.4991819059440963,-1.1812826465438295,-0.7479095492257136,0.18429875323533085,0.40659891212536625,1.8579856721883499,-0.7627989486541282,-0.2838565988642303,0.3767432184321022,0.0,0.0,0.0,0.0,0.0,0.0,0.0,0.0,0.0,0.0,0.0,0.0,0.0,0.0,0.0,0.0,0.0,0.0,1.0,0
-0.9862908040542212,2.477210510018068,1.2096420910009615,-0.7574462313337494,-1.31747722940995,0.9051725069635551,-0.7627989486541282,-0.2838565988642303,0.3767432184321022,0.0,0.0,0.0,0.0,0.0,0.0,0.0,0.0,0.0,0.0,0.0,0.0,0.0,0.0,0.0,0.0,0.0,0.0,1.0,0
-0.26826535449915173,-0.45310433023416363,0.9609628924053905,0.7250387803635329,-1.2574347767196652,0.9051725069635551,0.1674436716557843,-1.5682755982498873,-1.2865822492592978,0.0,0.0,0.0,0.0,0.0,0.0,0.0,0.0,0.0,0.0,0.0,0.0,0.0,0.0,0.0,0.0,0.0,0.0,1.0,1
-0.4339635351657062,-0.23393384135907722,-0.588499806536245,-0.017202419644104655,-1.6005345063784346,-1.0004538234860347,-0.7627989486541282,1.0005624005214266,1.2084059522778021,0.0,0.0,0.0,0.0,0.0,0.0,0.0,0.0,0.0,0.0,0.0,0.0,0.0,0.0,0.0,0.0,0.0,0.0,1.0,1
1.3334837252775418,-0.7060639244770356,0.29144197310962205,0.4597607726810157,1.744687857794567,-0.04764065826123979,-0.7627989486541282,1.0005624005214266,0.3767432184321022,0.0,0.0,0.0,0.0,0.0,0.0,0.0,0.0,0.0,0.0,0.0,0.0,0.0,0.0,0.0,0.0,0.0,0.0,1.0,1
-1.0967562578319243,1.7091494436575572,-0.11664696817541774,3.271594954610398,-0.631277770092411,-0.04764065826123979,1.097686291965697,1.0005624005214266,0.3767432184321022,0.0,0.0,0.0,0.0,0.0,0.0,0.0,0.0,0.0,0.0,0.0,0.0,0.0,0.0,0.0,0.0,0.0,0.0,1.0,1
-0.2130326276103002,0.9077882045685252,0.2531836348641496,0.32486110708724975,-1.4032521618246423,0.9051725069635551,-0.7627989486541282,1.0005624005214266,1.2084059522778021,0.0,0.0,0.0,0.0,0.0,0.0,0.0,0.0,0.0,0.0,0.0,0.0,0.0,0.0,0.0,0.0,0.0,0.0,1.0,0
1.3334837252775418,2.489285216210673,-1.468441586182112,-0.6397193838018216,-1.1545048578220345,1.8579856721883499,1.097686291965697,1.0005624005214266,1.2084059522778021,0.0,0.0,0.0,0.0,0.0,0.0,0.0,0.0,0.0,0.0,0.0,0.0,0.0,0.0,0.0,0.0,0.0,0.0,1.0,1
1.6096473597217993,0.14954696426821457,-1.493947145012427,-0.24199585002621715,-0.3911079593312725,-1.0004538234860347,-0.7627989486541282,-0.2838565988642303,-0.4549195154135979,0.0,0.0,0.0,0.0,0.0,0.0,0.0,0.0,0.0,0.0,0.0,0.0,0.0,0.0,0.0,0.0,0.0,0.0,1.0,1
-0.1577999007214487,0.6830425969409685,-1.3281610126153796,-0.4848797064641478,1.4530530875846133,0.9051725069635551,1.097686291965697,1.0005624005214266,-1.2865822492592978,0.0,0.0,0.0,0.0,0.0,0.0,0.0,0.0,0.0,0.0,0.0,0.0,0.0,0.0,0.0,0.0,0.0,0.0,1.0,1
0.7811564563890269,-1.5896912967846353,-1.1559984905107534,0.4636693311162245,-1.1630823510635038,-0.04764065826123979,-0.7627989486541282,2.2849813999070836,0.3767432184321022,0.0,0.0,0.0,0.0,0.0,0.0,0.0,0.0,0.0,0.0,0.0,0.0,0.0,0.0,0.0,0.0,0.0,0.0,1.0,1
-0.0473344469437457,-2.1293847939925032,0.27868919369446454,0.4751948570271907,-1.283167256444073,-1.0004538234860347,-0.7627989486541282,-0.2838565988642303,-0.4549195154135979,0.0,0.0,0.0,0.0,0.0,0.0,0.0,0.0,0.0,0.0,0.0,0.0,0.0,0.0,0.0,0.0,0.0,0.0,1.0,1
1.3887164521663933,0.6659563311958899,0.7632948114704493,-0.5958168706849133,-0.5455028376777187,-1.0004538234860347,1.097686291965697,1.0005624005214266,-1.2865822492592978,0.0,0.0,0.0,0.0,0.0,0.0,0.0,0.0,0.0,0.0,0.0,0.0,0.0,0.0,0.0,0.0,0.0,0.0,1.0,1
-0.9862908040542212,0.29134193298223104,-1.0986109831425448,0.16088845891016204,-1.4032521618246423,-0.04764065826123979,-0.7627989486541282,-0.2838565988642303,0.3767432184321022,0.0,0.0,0.0,0.0,0.0,0.0,0.0,0.0,0.0,0.0,0.0,0.0,0.0,0.0,0.0,0.0,0.0,0.0,1.0,1
-0.5996617158322607,0.5033000220957271,0.8653170467917093,0.4792286371349562,1.2900807159966978,-0.04764065826123979,1.097686291965697,1.0005624005214266,0.3767432184321022,0.0,0.0,0.0,0.0,0.0,0.0,0.0,0.0,0.0,0.0,0.0,0.0,0.0,0.0,0.0,0.0,0.0,0.0,1.0,1
-0.2130326276103002,0.9582145296521695,-0.26968032115730767,-0.5309417802290811,-0.5712353174021264,-1.0004538234860347,0.1674436716557843,-1.5682755982498873,-0.4549195154135979,0.0,0.0,0.0,0.0,0.0,0.0,0.0,0.0,0.0,0.0,0.0,0.0,0.0,0.0,0.0,0.0,0.0,0.0,1.0,1
0.11836373372280881,0.6254141654144554,-0.9073192919151823,-0.2361319859662518,-0.7770951551973881,0.9051725069635551,1.097686291965697,-0.2838565988642303,0.3767432184321022,0.0,0.0,0.0,0.0,0.0,0.0,0.0,0.0,0.0,0.0,0.0,0.0,0.0,0.0,0.0,0.0,0.0,0.0,1.0,1
0.007898279945105802,-0.8861062922300379,0.19579612749594086,-0.32023681441673657,-1.497604587480804,0.9051725069635551,1.097686291965697,-1.5682755982498873,0.3767432184321022,0.0,0.0,0.0,0.0,0.0,0.0,0.0,0.0,0.0,0.0,0.0,0.0,0.0,0.0,0.0,0.0,0.0,0.0,1.0,1
-0.4339635351657062,-1.2005343692149195,-0.03375390197689403,-0.4486690885451005,1.3587006619284516,-0.04764065826123979,-0.7627989486541282,2.2849813999070836,-1.2865822492592978,1.0,0.0,0.0,0.0,0.0,0.0,0.0,0.0,0.0,0.0,0.0,0.0,0.0,0.0,0.0,0.0,0.0,0.0,0.0,1
0.007898279945105802,0.568627856025836,1.1713837527554891,0.42552598852976686,1.5817154862066518,0.9051725069635551,0.1674436716557843,-1.5682755982498873,0.3767432184321022,0.0,0.0,0.0,0.0,0.0,0.0,0.0,0.0,0.0,0.0,0.0,0.0,0.0,0.0,0.0,0.0,0.0,0.0,1.0,0
0.8916219101667299,1.3661979371632977,-0.7797914977636073,1.0991405799406353,-0.4854603849874341,0.9051725069635551,-0.7627989486541282,-1.5682755982498873,-1.2865822492592978,0.0,0.0,0.0,0.0,0.0,0.0,0.0,0.0,0.0,0.0,0.0,0.0,0.0,0.0,0.0,0.0,0.0,0.0,1.0,1
-1.1519889847207758,-0.2894585758719074,1.1012434659721229,-0.30074636900544977,1.5559830064822437,-0.04764065826123979,-0.7627989486541282,-1.5682755982498873,0.3767432184321022,0.0,0.0,0.0,0.0,0.0,0.0,0.0,0.0,0.0,0.0,0.0,0.0,0.0,0.0,0.0,0.0,0.0,0.0,1.0,0
-1.3729198922761818,0.6700942453218867,1.4328157307662177,-0.810165581887224,1.118530851167313,-0.04764065826123979,-0.7627989486541282,1.0005624005214266,1.2084059522778021,0.0,0.0,0.0,0.0,0.0,0.0,0.0,0.0,0.0,0.0,0.0,0.0,0.0,0.0,0.0,0.0,0.0,0.0,1.0,1
-0.4891962620545577,1.0151957687640756,1.6368602014087377,-0.8262647780679621,0.24362654053745092,-1.0004538234860347,-0.7627989486541282,1.0005624005214266,0.3767432184321022,0.0,0.0,0.0,0.0,0.0,0.0,0.0,0.0,0.0,0.0,0.0,0.0,0.0,0.0,0.0,0.0,0.0,0.0,1.0,1
1.6096473597217993,-1.5176676590262654,-1.117740152265281,-0.7985384416681994,-0.14236065532866465,1.8579856721883499,-0.7627989486541282,-1.5682755982498873,1.2084059522778021,0.0,0.0,0.0,0.0,0.0,0.0,0.0,0.0,0.0,0.0,0.0,0.0,0.0,0.0,0.0,0.0,0.0,0.0,1.0,1
1.4991819059440963,-1.3068920149008887,0.9673392821129692,-0.07085272148453675,1.6589129253798747,-1.0004538234860347,1.097686291965697,-0.2838565988642303,-1.2865822492592978,0.0,0.0,0.0,0.0,0.0,0.0,0.0,0.0,0.0,0.0,0.0,0.0,0.0,0.0,0.0,0.0,0.0,0.0,1.0,0
1.2230182714998388,0.5467461904214318,0.8334350982538155,-0.21973205248994757,-0.8800250740950188,-1.0004538234860347,0.1674436716557843,-0.2838565988642303,-1.2865822492592978,0.0,0.0,0.0,0.0,0.0,0.0,0.0,0.0,0.0,0.0,0.0,0.0,0.0,0.0,0.0,0.0,0.0,0.0,1.0,1
0.6706910026113239,0.31683076346606,0.06189194363678717,-0.05744476485661311,-1.4547171212734578,-1.0004538234860347,-0.7627989486541282,1.0005624005214266,0.3767432184321022,0.0,0.0,0.0,0.0,0.0,0.0,0.0,0.0,0.0,0.0,0.0,0.0,0.0,0.0,0.0,0.0,0.0,0.0,1.0,1
1.3887164521663933,0.4559443226531557,-0.7096512109802412,-0.9127611351828472,-1.5919570131369654,-0.04764065826123979,0.1674436716557843,1.0005624005214266,-1.2865822492592978,0.0,0.0,0.0,0.0,0.0,0.0,0.0,0.0,0.0,0.0,0.0,0.0,0.0,0.0,0.0,0.0,0.0,0.0,1.0,1
-0.0473344469437457,0.8058586159300118,0.13840862012773214,1.489729557601971,-1.497604587480804,-0.04764065826123979,2.0279289122756095,-0.2838565988642303,0.3767432184321022,0.0,0.0,0.0,0.0,0.0,0.0,0.0,0.0,0.0,0.0,0.0,0.0,0.0,0.0,0.0,0.0,0.0,0.0,1.0,0
1.4439491790552448,-1.0600196320168755,1.1076198556797017,-0.6101537257854901,1.7704203375189747,-0.04764065826123979,-0.7627989486541282,-0.2838565988642303,-0.4549195154135979,0.0,0.0,0.0,0.0,0.0,0.0,0.0,0.0,0.0,0.0,0.0,0.0,0.0,0.0,0.0,0.0,0.0,0.0,1.0,1
1.2230182714998388,-1.2428553491378933,-1.646980497994317,-0.7022953222369427,-0.8371376078876727,-1.0004538234860347,1.097686291965697,-0.2838565988642303,1.2084059522778021,0.0,0.0,0.0,0.0,0.0,0.0,0.0,0.0,0.0,1.0,0.0,0.0,0.0,0.0,0.0,0.0,0.0,0.0,0.0,1
-1.3729198922761818,0.11530302287942747,-0.4737247917998275,-0.7236702511794909,0.14927411488128922,-1.0004538234860347,-0.7627989486541282,-0.2838565988642303,1.2084059522778021,0.0,0.0,0.0,0.0,0.0,0.0,0.0,0.0,0.0,0.0,0.0,0.0,0.0,0.0,0.0,0.0,0.0,0.0,1.0,1
-0.26826535449915173,-0.656248765192474,0.37433503930814577,-0.3463301370375031,-0.5540803309191881,-1.0004538234860347,-0.7627989486541282,-0.2838565988642303,0.3767432184321022,0.0,0.0,0.0,0.0,0.0,0.0,0.0,0.0,0.0,0.0,0.0,0.0,0.0,0.0,0.0,0.0,0.0,0.0,1.0,1
1.0573200908332843,-0.8478157899189063,0.5847558996582444,1.2854457949331834,0.8097410944744206,-1.0004538234860347,-0.7627989486541282,-0.2838565988642303,1.2084059522778021,0.0,0.0,0.0,0.0,0.0,0.0,0.0,0.0,0.0,0.0,0.0,0.0,0.0,0.0,0.0,0.0,0.0,0.0,1.0,0
-1.5938507998315878,1.6087747894783924,0.846187877668973,-1.0545141213312057,0.0377667027421894,-1.0004538234860347,1.097686291965697,-0.2838565988642303,1.2084059522778021,0.0,0.0,0.0,0.0,0.0,0.0,0.0,0.0,0.0,0.0,0.0,0.0,0.0,0.0,0.0,0.0,0.0,0.0,1.0,1
0.8363891832778784,0.0008559078383655314,0.15116139954288962,0.18880673344736792,-0.6570102498168188,2.810798837413145,-0.7627989486541282,-0.2838565988642303,1.2084059522778021,0.0,0.0,0.0,0.0,0.0,0.0,0.0,0.0,0.0,0.0,0.0,0.0,0.0,0.0,0.0,0.0,0.0,0.0,1.0,0
-0.37873080827685474,1.465900952295891,-1.0093415272364423,0.3547264759919954,1.5731379929651823,-0.04764065826123979,-0.7627989486541282,1.0005624005214266,1.2084059522778021,0.0,0.0,0.0,0.0,0.0,0.0,0.0,0.0,0.0,0.0,0.0,0.0,0.0,0.0,0.0,0.0,0.0,0.0,1.0,0
-0.9310580771653697,0.8227731119189274,0.11927945100499589,0.5181582075999247,1.444475594343144,-1.0004538234860347,-0.7627989486541282,-0.2838565988642303,0.3767432184321022,0.0,0.0,0.0,0.0,0.0,0.0,0.0,0.0,0.0,0.0,0.0,0.0,0.0,0.0,0.0,0.0,0.0,0.0,1.0,1
-0.0473344469437457,-0.022693067893978198,1.6368602014087377,-1.0122702821720961,1.1699958106161281,-1.0004538234860347,-0.7627989486541282,1.0005624005214266,0.3767432184321022,0.0,0.0,0.0,0.0,0.0,0.0,0.0,0.0,0.0,0.0,0.0,0.0,0.0,0.0,0.0,0.0,0.0,0.0,1.0,0
-0.1025671738325972,0.6969636671792218,1.298911546907064,2.6958431531168054,-0.06516321615544167,0.9051725069635551,1.097686291965697,-0.2838565988642303,1.2084059522778021,0.0,0.0,0.0,0.0,0.0,0.0,0.0,0.0,0.0,0.0,0.0,0.0,0.0,0.0,0.0,0.0,0.0,0.0,1.0,1
-0.9310580771653697,-0.26503188721364096,0.44447532609151197,4.676861303440655,1.118530851167313,-1.0004538234860347,-0.7627989486541282,-0.2838565988642303,1.2084059522778021,0.0,0.0,0.0,0.0,0.0,0.0,0.0,0.0,0.0,0.0,0.0,0.0,0.0,0.0,0.0,0.0,0.0,0.0,1.0,1
-0.4891962620545577,-0.60597362322755,0.19579612749594086,-0.7681393410443602,-1.214547310512319,-1.0004538234860347,-0.7627989486541282,1.0005624005214266,1.2084059522778021,0.0,0.0,0.0,0.0,0.0,0.0,0.0,0.0,0.0,0.0,0.0,0.0,0.0,0.0,0.0,0.0,0.0,0.0,1.0,0
0.22882918750051182,0.24391289364377025,0.23405446574141334,0.1443468812468676,-0.9743774997511805,-0.04764065826123979,-0.7627989486541282,1.0005624005214266,-1.2865822492592978,0.0,0.0,0.0,0.0,0.0,0.0,0.0,0.0,0.0,0.0,0.0,0.0,0.0,0.0,0.0,0.0,0.0,0.0,1.0,1
-1.6490835267204393,-0.12688718665119594,1.222394870416119,3.1407444652316787,-0.7170527025071034,0.9051725069635551,-0.7627989486541282,-0.2838565988642303,1.2084059522778021,0.0,0.0,0.0,0.0,0.0,0.0,0.0,0.0,0.0,0.0,0.0,0.0,0.0,0.0,0.0,0.0,0.0,0.0,1.0,1
0.22882918750051182,-0.21735645155828695,0.9992212306508629,-0.8086311031948298,0.25220403377892026,-0.04764065826123979,1.097686291965697,-0.2838565988642303,0.3767432184321022,0.0,0.0,0.0,0.0,0.0,0.0,0.0,0.0,0.0,0.0,0.0,0.0,0.0,0.0,0.0,0.0,0.0,0.0,1.0,1
1.4439491790552448,0.013504674054611915,-1.6661096671170532,0.5189752276929989,1.7532653510360365,-1.0004538234860347,0.1674436716557843,1.0005624005214266,0.3767432184321022,0.0,0.0,0.0,0.0,0.0,0.0,0.0,0.0,0.0,0.0,0.0,0.0,0.0,0.0,0.0,0.0,0.0,0.0,1.0,0
0.4497600950559178,-1.057205696011417,1.2287712601236978,-0.12695511001134324,1.230038263306413,-0.04764065826123979,1.097686291965697,-0.2838565988642303,1.2084059522778021,0.0,0.0,0.0,0.0,0.0,0.0,0.0,0.0,0.0,0.0,0.0,0.0,0.0,0.0,0.0,0.0,0.0,0.0,1.0,1
1.1677855446109873,0.5926042119900413,0.15116139954288962,0.5261744474578504,-1.20596981727085,0.9051725069635551,-0.7627989486541282,-0.2838565988642303,-1.2865822492592978,0.0,0.0,0.0,0.0,0.0,0.0,0.0,0.0,0.0,0.0,0.0,0.0,0.0,0.0,0.0,0.0,0.0,0.0,1.0,0
-0.26826535449915173,0.3562779774685069,0.07464472305194467,1.373149206858942,0.29509149998626644,-1.0004538234860347,-0.7627989486541282,-1.5682755982498873,1.2084059522778021,0.0,0.0,0.0,0.0,0.0,0.0,0.0,0.0,0.0,0.0,0.0,0.0,0.0,0.0,0.0,0.0,0.0,0.0,1.0,0
1.1677855446109873,0.6020882185269576,-0.4418428432619338,-0.6227631376490774,-1.4890270942393347,-1.0004538234860347,-0.7627989486541282,1.0005624005214266,-1.2865822492592978,0.0,0.0,0.0,0.0,0.0,0.0,0.0,0.0,0.0,0.0,0.0,0.0,0.0,0.0,0.0,0.0,0.0,0.0,1.0,1
-0.2130326276103002,0.9449258551828613,1.6623657602390525,-0.92136653274608,-0.41684043905568013,-0.04764065826123979,-0.7627989486541282,-0.2838565988642303,1.2084059522778021,0.0,0.0,0.0,0.0,0.0,0.0,0.0,0.0,0.0,0.0,0.0,0.0,0.0,0.0,0.0,0.0,0.0,0.0,1.0,0
-0.2130326276103002,1.2821317598333273,0.25956002457172833,-0.2599210245305467,-1.1116173916146883,-1.0004538234860347,-0.7627989486541282,-0.2838565988642303,1.2084059522778021,0.0,0.0,0.0,0.0,0.0,0.0,0.0,0.0,0.0,0.0,0.0,0.0,0.0,0.0,0.0,0.0,0.0,0.0,1.0,0
-0.26826535449915173,-0.9323670398936218,-0.9838359684061273,0.062470382723598665,0.4923738445400586,-0.04764065826123979,-0.7627989486541282,-1.5682755982498873,0.3767432184321022,0.0,0.0,0.0,0.0,0.0,0.0,0.0,0.0,0.0,0.0,0.0,0.0,0.0,0.0,0.0,0.0,0.0,0.0,1.0,1
-1.7043162536092908,-0.20102224141228978,-0.13577613729815396,-0.46654294269182484,-1.4375621347905194,1.8579856721883499,-0.7627989486541282,-0.2838565988642303,-0.4549195154135979,0.0,0.0,0.0,0.0,0.0,0.0,0.0,0.0,0.0,0.0,0.0,0.0,0.0,0.0,0.0,0.0,0.0,0.0,1.0,1
0.7811564563890269,-0.3130322057411389,0.3870878187233032,0.9443265627817639,1.0241784255111515,0.9051725069635551,2.0279289122756095,-0.2838565988642303,0.3767432184321022,0.0,0.0,0.0,0.0,0.0,0.0,0.0,0.0,0.0,0.0,0.0,0.0,0.0,0.0,0.0,0.0,0.0,0.0,1.0,0
-0.0473344469437457,-0.7530085345031717,1.1331254145100167,-0.7654788937061088,-0.699897716024165,-1.0004538234860347,-0.7627989486541282,1.0005624005214266,-1.2865822492592978,0.0,0.0,0.0,0.0,0.0,0.0,0.0,0.0,0.0,0.0,0.0,0.0,0.0,0.0,0.0,1.0,0.0,0.0,0.0,1
1.1125528177221358,0.013053054695711361,0.24680724515657082,-0.9534889709783005,-0.3139105201580494,-1.0004538234860347,1.097686291965697,1.0005624005214266,-1.2865822492592978,0.0,0.0,0.0,0.0,0.0,0.0,0.0,0.0,0.0,0.0,0.0,0.0,0.0,0.0,0.0,0.0,0.0,0.0,1.0,1
1.3334837252775418,-0.4086442700144024,-0.33982060794067387,0.7897845435181999,0.35513395267655107,1.8579856721883499,-0.7627989486541282,1.0005624005214266,0.3767432184321022,0.0,0.0,0.0,0.0,0.0,0.0,0.0,0.0,0.0,0.0,0.0,0.0,0.0,0.0,0.0,0.0,0.0,0.0,1.0,1
-0.6548944427211122,0.2032542846943002,-0.30793865940278015,-0.04966049301506275,1.0756433849599667,-1.0004538234860347,-0.7627989486541282,1.0005624005214266,-1.2865822492592978,0.0,0.0,0.0,0.0,0.0,0.0,0.0,0.0,0.0,0.0,0.0,0.0,0.0,0.0,0.0,0.0,0.0,0.0,1.0,0
-1.7595489804981423,0.9895518951670055,0.8780698262068667,-0.42162120727287805,-1.1545048578220345,0.9051725069635551,-0.7627989486541282,1.0005624005214266,0.3767432184321022,0.0,0.0,0.0,0.0,0.0,0.0,0.0,0.0,0.0,0.0,0.0,0.0,0.0,0.0,0.0,0.0,0.0,0.0,1.0,1
1.4991819059440963,-0.6287218576018103,0.8780698262068667,-0.7609011178077287,-0.7256301957485727,-1.0004538234860347,-0.7627989486541282,-1.5682755982498873,0.3767432184321022,0.0,0.0,0.0,0.0,0.0,0.0,0.0,0.0,0.0,0.0,0.0,0.0,0.0,0.0,0.0,0.0,0.0,0.0,1.0,1
0.6706910026113239,0.359340883120539,-0.3206914388179376,-0.5430174603735748,-0.9314900335438343,-1.0004538234860347,-0.7627989486541282,1.0005624005214266,0.3767432184321022,0.0,0.0,0.0,0.0,0.0,0.0,0.0,0.0,0.0,0.0,0.0,0.0,0.0,0.0,0.0,0.0,0.0,0.0,1.0,1
-1.5386180729427363,2.795189781961828,1.0502323483114928,-0.4714286407358359,0.3808664324009588,-1.0004538234860347,-0.7627989486541282,-0.2838565988642303,1.2084059522778021,0.0,0.0,0.0,0.0,0.0,0.0,0.0,0.0,0.0,0.0,0.0,0.0,0.0,0.0,0.0,0.0,0.0,0.0,1.0,0
-0.5996617158322607,-1.6222973138318817,0.2659364142793071,0.9167777948193153,1.084220878201436,-0.04764065826123979,-0.7627989486541282,-1.5682755982498873,-1.2865822492592978,0.0,0.0,0.0,0.0,0.0,0.0,0.0,0.0,0.0,0.0,0.0,0.0,0.0,0.0,0.0,0.0,0.0,0.0,1.0,1
1.0573200908332843,-1.1704077553146865,0.25956002457172833,0.2809873333706004,-0.5626578241606572,1.8579856721883499,-0.7627989486541282,1.0005624005214266,-1.2865822492592978,0.0,0.0,0.0,0.0,0.0,0.0,0.0,0.0,0.0,0.0,0.0,0.0,0.0,0.0,0.0,0.0,0.0,0.0,1.0,1
1.1125528177221358,-2.1456360142563096,-0.8052970565939224,-0.9025155389905535,-0.5712353174021264,-0.04764065826123979,1.097686291965697,-0.2838565988642303,1.2084059522778021,0.0,0.0,0.0,0.0,0.0,0.0,0.0,0.0,0.0,0.0,0.0,0.0,0.0,0.0,0.0,0.0,0.0,0.0,1.0,1
-0.1577999007214487,-0.08732931947249402,0.4253461569687757,0.1014348510317388,-0.46830539850449565,-1.0004538234860347,-0.7627989486541282,-0.2838565988642303,-1.2865822492592978,0.0,0.0,0.0,0.0,0.0,0.0,0.0,0.0,0.0,0.0,0.0,0.0,0.0,0.0,0.0,0.0,0.0,0.0,1.0,1
0.7811564563890269,1.456222659368109,0.4763572746294057,3.376301827417897,-0.4082629458142109,-1.0004538234860347,0.1674436716557843,2.2849813999070836,0.3767432184321022,0.0,0.0,0.0,0.0,0.0,0.0,0.0,0.0,0.0,0.0,0.0,0.0,0.0,0.0,0.0,0.0,0.0,0.0,1.0,0
0.9468546370555814,0.018688646695669456,0.4891100540445632,3.67566681662176,-0.699897716024165,-1.0004538234860347,-0.7627989486541282,-0.2838565988642303,-1.2865822492592978,0.0,0.0,0.0,0.0,0.0,0.0,0.0,0.0,0.0,0.0,0.0,0.0,0.0,0.0,0.0,0.0,0.0,0.0,1.0,1
1.3334837252775418,-0.47585899793262476,-0.21229281378909892,0.22627777934919785,-0.5026153714703725,-1.0004538234860347,0.1674436716557843,-0.2838565988642303,-0.4549195154135979,0.0,0.0,0.0,0.0,0.0,0.0,0.0,0.0,0.0,0.0,0.0,0.0,0.0,0.0,0.0,0.0,0.0,0.0,1.0,1
-1.1519889847207758,1.0085636548454024,1.5093324072571626,1.8265224836072755,-0.9743774997511805,-0.04764065826123979,-0.7627989486541282,1.0005624005214266,0.3767432184321022,0.0,0.0,0.0,0.0,0.0,0.0,0.0,0.0,0.0,0.0,0.0,0.0,0.0,0.0,0.0,0.0,0.0,0.0,1.0,0
0.007898279945105802,0.4319846933318722,0.7760475908856068,-1.0496068687370006,-0.9057575538194267,-0.04764065826123979,-0.7627989486541282,-0.2838565988642303,1.2084059522778021,0.0,0.0,0.0,0.0,0.0,0.0,0.0,0.0,0.0,0.0,0.0,0.0,0.0,0.0,0.0,0.0,0.0,0.0,1.0,0
1.4991819059440963,0.6955579858413322,0.367958649600567,0.3737755663278779,-0.7427851822315111,1.8579856721883499,2.0279289122756095,1.0005624005214266,-1.2865822492592978,0.0,0.0,0.0,0.0,0.0,0.0,0.0,0.0,0.0,0.0,0.0,0.0,0.0,0.0,0.0,0.0,0.0,0.0,1.0,0
0.6154582757224724,1.9327126062969935,0.4253461569687757,-0.5495361721965819,1.0327559187526205,-1.0004538234860347,-0.7627989486541282,-0.2838565988642303,1.2084059522778021,0.0,0.0,0.0,0.0,0.0,0.0,0.0,0.0,0.0,0.0,0.0,0.0,0.0,0.0,0.0,0.0,0.0,0.0,1.0,1
-0.26826535449915173,0.03793715270465888,-1.6852388362397894,-0.8207211530394529,-0.631277770092411,1.8579856721883499,-0.7627989486541282,-0.2838565988642303,0.3767432184321022,0.0,0.0,0.0,0.0,0.0,0.0,0.0,0.0,0.0,0.0,0.0,0.0,0.0,0.0,0.0,0.0,0.0,0.0,1.0,1
-0.32349808138800323,1.6624409366295927,1.477450458719269,1.263519685349956,-0.13378316208719532,-0.04764065826123979,1.097686291965697,-1.5682755982498873,1.2084059522778021,0.0,0.0,0.0,0.0,0.0,0.0,0.0,0.0,0.0,0.0,0.0,0.0,0.0,0.0,0.0,0.0,0.0,0.0,1.0,0
0.007898279945105802,-0.6968526908862362,1.6942477087769463,1.7232125509337886,-1.4375621347905194,-1.0004538234860347,0.1674436716557843,-0.2838565988642303,0.3767432184321022,0.0,0.0,0.0,0.0,0.0,0.0,0.0,0.0,0.0,0.0,0.0,0.0,0.0,0.0,0.0,0.0,0.0,0.0,1.0,0
1.2782509983886903,0.010026818991624168,-0.7032748212726624,-0.32169020694411465,0.500951337781528,-0.04764065826123979,-0.7627989486541282,-0.2838565988642303,0.3767432184321022,0.0,0.0,0.0,0.0,0.0,0.0,0.0,0.0,0.0,0.0,0.0,0.0,0.0,0.0,0.0,0.0,0.0,0.0,1.0,1
-0.7653598964988152,-1.55003371308082,1.1968893115858041,1.2434226333117762,-1.3603646956172961,-0.04764065826123979,-0.7627989486541282,1.0005624005214266,0.3767432184321022,0.0,0.0,0.0,0.0,0.0,0.0,0.0,0.0,0.0,0.0,0.0,0.0,0.0,0.0,0.0,0.0,0.0,0.0,1.0,1
1.0573200908332843,1.4777170388556207,-0.8052970565939224,-0.36734992910542363,-0.5369253444362495,-0.04764065826123979,-0.7627989486541282,-1.5682755982498873,0.3767432184321022,0.0,0.0,0.0,0.0,0.0,0.0,0.0,0.0,0.0,0.0,0.0,0.0,0.0,0.0,0.0,0.0,0.0,0.0,1.0,0
-0.37873080827685474,0.4814292931424643,0.5720031202430869,-0.8407997297488948,-0.09089569587984914,-0.04764065826123979,-0.7627989486541282,1.0005624005214266,-1.2865822492592978,0.0,0.0,0.0,0.0,0.0,0.0,0.0,0.0,0.0,0.0,0.0,0.0,0.0,0.0,0.0,0.0,0.0,0.0,1.0,1
0.6706910026113239,0.08819878468876112,0.34245309077025204,-0.004011034925274835,-0.5626578241606572,1.8579856721883499,-0.7627989486541282,1.0005624005214266,0.3767432184321022,0.0,0.0,0.0,0.0,0.0,0.0,0.0,0.0,0.0,0.0,0.0,0.0,0.0,0.0,0.0,0.0,0.0,0.0,1.0,0
-0.2130326276103002,-1.6489222693695837,-0.44821923296951255,-0.7291646086646992,0.6038812566791587,0.9051725069635551,-0.7627989486541282,-0.2838565988642303,-1.2865822492592978,0.0,0.0,0.0,0.0,0.0,0.0,0.0,0.0,0.0,0.0,0.0,0.0,0.0,0.0,0.0,0.0,0.0,0.0,1.0,0
0.22882918750051182,-0.025409860704003442,0.6038850687809806,1.6590857112918396,-0.5369253444362495,-0.04764065826123979,1.097686291965697,1.0005624005214266,-1.2865822492592978,0.0,0.0,0.0,0.0,0.0,0.0,0.0,0.0,0.0,0.0,0.0,0.0,0.0,0.0,0.0,0.0,0.0,0.0,1.0,1
-0.32349808138800323,0.7632063198106938,-0.49923035063014254,-0.9305641672360765,-0.6570102498168188,0.9051725069635551,-0.7627989486541282,-1.5682755982498873,1.2084059522778021,0.0,0.0,0.0,0.0,0.0,0.0,0.0,0.0,0.0,0.0,0.0,0.0,0.0,0.0,0.0,0.0,0.0,0.0,1.0,1
0.1735964606116603,-0.3006988799156597,-1.6661096671170532,-0.0767884340451493,0.9126710133720514,-1.0004538234860347,1.097686291965697,-0.2838565988642303,-1.2865822492592978,0.0,0.0,0.0,0.0,0.0,0.0,0.0,0.0,0.0,0.0,0.0,0.0,0.0,0.0,0.0,0.0,0.0,0.0,1.0,1
0.6706910026113239,0.8116595443619322,1.0884906865569655,-0.2449005822666691,-1.1287723780976266,-1.0004538234860347,-0.7627989486541282,1.0005624005214266,-1.2865822492592978,0.0,0.0,0.0,0.0,0.0,0.0,0.0,0.0,0.0,0.0,0.0,0.0,0.0,0.0,0.0,0.0,0.0,0.0,1.0,1
0.11836373372280881,-0.7639496889715837,-0.9200720713303399,-0.5833562878583809,0.7153886688182589,-1.0004538234860347,1.097686291965697,-1.5682755982498873,1.2084059522778021,0.0,0.0,0.0,0.0,0.0,0.0,0.0,0.0,0.0,0.0,0.0,0.0,0.0,0.0,0.0,0.0,0.0,0.0,1.0,1
0.6154582757224724,0.44933601203402657,1.2351476498312766,-0.6998545260292414,1.2128832768234743,0.9051725069635551,1.097686291965697,-1.5682755982498873,-1.2865822492592978,0.0,0.0,0.0,0.0,0.0,0.0,0.0,0.0,0.0,0.0,0.0,0.0,0.0,0.0,0.0,0.0,0.0,0.0,1.0,0
1.3887164521663933,0.5698810675801643,-0.6968984315650837,-1.0150785321402505,-0.030853243189564547,-1.0004538234860347,1.097686291965697,-0.2838565988642303,1.2084059522778021,0.0,0.0,0.0,0.0,0.0,0.0,0.0,0.0,0.0,0.0,0.0,0.0,0.0,0.0,0.0,0.0,0.0,0.0,1.0,0
1.5544146328329478,-0.6738599901923433,-0.3015622696952014,-0.7822627034572996,-1.3517872023758268,1.8579856721883499,-0.7627989486541282,-1.5682755982498873,0.3767432184321022,0.0,0.0,0.0,0.0,0.0,0.0,0.0,0.0,0.0,0.0,0.0,0.0,0.0,0.0,0.0,0.0,0.0,0.0,1.0,1
0.5602255488336209,1.2359700853624374,-1.015717916944021,-0.9228117140162413,-0.6913202227826958,-1.0004538234860347,1.097686291965697,-0.2838565988642303,-0.4549195154135979,0.0,0.0,0.0,0.0,0.0,0.0,0.0,0.0,0.0,0.0,0.0,0.0,0.0,0.0,0.0,0.0,0.0,0.0,1.0,0
0.1735964606116603,1.2595224852618054,-0.0720122402223665,-0.8229720639240151,1.1442633308917207,-0.04764065826123979,0.1674436716557843,-0.2838565988642303,0.3767432184321022,0.0,0.0,0.0,0.0,0.0,0.0,0.0,0.0,0.0,0.0,0.0,0.0,0.0,0.0,0.0,0.0,0.0,0.0,1.0,1
1.3887164521663933,-0.7396761134292976,0.6166378481961381,-0.9783526578308475,-1.5919570131369654,0.9051725069635551,-0.7627989486541282,-0.2838565988642303,0.3767432184321022,0.0,0.0,0.0,0.0,0.0,0.0,0.0,0.0,0.0,0.0,0.0,0.0,0.0,0.0,0.0,0.0,0.0,0.0,1.0,0
0.11836373372280881,-0.5636031067082296,-1.5066999244275845,0.956724534772018,1.4273206078602052,-0.04764065826123979,-0.7627989486541282,-1.5682755982498873,0.3767432184321022,0.0,0.0,0.0,0.0,0.0,0.0,0.0,0.0,0.0,0.0,0.0,0.0,0.0,0.0,0.0,0.0,0.0,0.0,1.0,1
-0.4339635351657062,1.176852982615844,1.6942477087769463,-0.6850116522026777,-1.214547310512319,-1.0004538234860347,1.097686291965697,-0.2838565988642303,0.3767432184321022,0.0,0.0,0.0,0.0,0.0,0.0,0.0,0.0,0.0,0.0,0.0,0.0,0.0,0.0,0.0,0.0,0.0,0.0,1.0,0
-0.7101271696099637,-0.5297226481367915,0.12565584071257463,-0.23048161459392388,-1.0344199524414652,0.9051725069635551,0.1674436716557843,-1.5682755982498873,0.3767432184321022,0.0,0.0,0.0,0.0,0.0,0.0,0.0,0.0,0.0,0.0,0.0,0.0,0.0,0.0,0.0,0.0,0.0,0.0,1.0,0
0.5049928219447694,-0.951636132540054,0.11927945100499589,0.0812105245066981,-0.7942501416803265,-1.0004538234860347,1.097686291965697,-1.5682755982498873,-1.2865822492592978,0.0,0.0,0.0,0.0,0.0,0.0,0.0,0.0,0.0,0.0,0.0,0.0,0.0,0.0,0.0,0.0,0.0,0.0,1.0,1
0.5602255488336209,-0.7177513445527482,-1.3026554537850645,1.96270002610541,-1.2745897632026038,0.9051725069635551,2.0279289122756095,1.0005624005214266,0.3767432184321022,0.0,0.0,0.0,0.0,0.0,0.0,0.0,0.0,0.0,0.0,0.0,0.0,0.0,0.0,0.0,0.0,0.0,0.0,1.0,1
0.4497600950559178,2.984092123804262,-0.6076289756589812,0.5389604013515994,0.5609937904718125,-1.0004538234860347,-0.7627989486541282,-0.2838565988642303,1.2084059522778021,0.0,0.0,0.0,0.0,0.0,0.0,0.0,0.0,0.0,0.0,0.0,0.0,0.0,0.0,0.0,0.0,0.0,0.0,1.0,0
0.7259237295001754,-0.020305661283036968,-0.8180498360090799,-0.8296129181981224,0.15785160812275856,-0.04764065826123979,1.097686291965697,1.0005624005214266,-0.4549195154135979,0.0,0.0,0.0,0.0,0.0,0.0,0.0,0.0,0.0,0.0,0.0,0.0,0.0,0.0,0.0,0.0,0.0,0.0,1.0,1
0.6706910026113239,1.7788763846762177,-0.8563081742545523,0.4172346715550777,-0.9743774997511805,-1.0004538234860347,-0.7627989486541282,-1.5682755982498873,0.3767432184321022,0.0,0.0,0.0,0.0,0.0,0.0,0.0,0.0,0.0,0.0,0.0,0.0,0.0,0.0,0.0,0.0,0.0,0.0,1.0,1
1.6096473597217993,2.0325243446085826,-1.3281610126153796,-0.24192092230411366,1.0584883984770284,-0.04764065826123979,0.1674436716557843,-0.2838565988642303,0.3767432184321022,0.0,0.0,0.0,0.0,0.0,0.0,0.0,0.0,0.0,0.0,0.0,0.0,0.0,0.0,0.0,0.0,0.0,0.0,1.0,1
-0.4339635351657062,0.2825411454754468,1.3435462748601152,0.1848222208829035,-0.022275749948095492,-1.0004538234860347,2.0279289122756095,2.2849813999070836,1.2084059522778021,0.0,0.0,0.0,0.0,0.0,0.0,0.0,0.0,0.0,0.0,0.0,0.0,0.0,0.0,0.0,0.0,0.0,0.0,1.0,1
1.0020873639444328,0.0008559078383655314,-0.2760567108648864,-0.25044318088802614,1.3758556484113902,-0.04764065826123979,-0.7627989486541282,-1.5682755982498873,-1.2865822492592978,0.0,0.0,0.0,0.0,0.0,0.0,0.0,0.0,0.0,0.0,0.0,0.0,0.0,0.0,0.0,0.0,0.0,0.0,1.0,1
0.06313100683395731,-1.2242083589416848,1.1586309733403315,-0.43725954664232175,0.8612060539232358,0.9051725069635551,1.097686291965697,-0.2838565988642303,-1.2865822492592978,0.0,0.0,0.0,0.0,0.0,0.0,0.0,0.0,0.0,0.0,0.0,0.0,0.0,0.0,0.0,0.0,0.0,0.0,1.0,1
-0.26826535449915173,0.0008559078383655314,-0.0007319322488577413,0.29537448242163034,-0.5026153714703725,-0.04764065826123979,-0.7627989486541282,-0.2838565988642303,1.2084059522778021,0.0,0.0,0.0,0.0,0.0,0.0,0.0,0.0,0.0,0.0,0.0,0.0,0.0,0.0,0.0,0.0,0.0,0.0,1.0,1
0.6154582757224724,0.20292232516553532,-0.0018719534390002962,-0.5588354209946366,1.5388280199993056,-1.0004538234860347,-0.7627989486541282,-0.2838565988642303,1.2084059522778021,0.0,0.0,0.0,0.0,0.0,0.0,0.0,0.0,0.0,0.0,0.0,0.0,0.0,0.0,0.0,0.0,0.0,0.0,1.0,1
-0.6548944427211122,-0.1867125983923046,0.04276277451405093,-0.6885958659778219,0.7840086147500128,1.8579856721883499,-0.7627989486541282,-0.2838565988642303,1.2084059522778021,0.0,0.0,0.0,0.0,0.0,0.0,0.0,0.0,0.0,0.0,0.0,0.0,0.0,0.0,0.0,0.0,0.0,0.0,1.0,1
0.4497600950559178,0.1417999552655324,0.5209920025824569,1.4139478647478905,0.3808664324009588,-0.04764065826123979,1.097686291965697,1.0005624005214266,0.3767432184321022,0.0,0.0,0.0,0.0,0.0,0.0,0.0,0.0,0.0,0.0,0.0,0.0,0.0,0.0,0.0,0.0,0.0,0.0,1.0,0
-1.4833853460538848,-1.0084179386017333,-1.270773505247171,-0.4901041188683528,1.4273206078602052,0.9051725069635551,-0.7627989486541282,-0.2838565988642303,0.3767432184321022,0.0,0.0,0.0,0.0,0.0,0.0,0.0,0.0,0.0,0.0,0.0,0.0,0.0,0.0,0.0,0.0,0.0,0.0,1.0,1
-0.8205926233876667,1.261247902812478,-0.588499806536245,-0.8999608115889686,-1.3260547226514192,-1.0004538234860347,-0.7627989486541282,-0.2838565988642303,0.3767432184321022,0.0,0.0,0.0,0.0,0.0,0.0,0.0,0.0,0.0,0.0,0.0,0.0,0.0,0.0,0.0,0.0,0.0,0.0,1.0,1
-1.7043162536092908,0.2587803058719704,0.4062169878460395,0.16427457610495036,-0.039430736431033904,0.9051725069635551,-0.7627989486541282,-1.5682755982498873,-1.2865822492592978,0.0,0.0,0.0,0.0,0.0,0.0,0.0,0.0,0.0,0.0,0.0,0.0,0.0,0.0,0.0,0.0,0.0,0.0,1.0,1
0.7811564563890269,0.5176894383358028,1.145878193925174,-0.8129153266477083,-0.8800250740950188,0.9051725069635551,0.1674436716557843,2.2849813999070836,-1.2865822492592978,0.0,0.0,0.0,0.0,0.0,0.0,0.0,0.0,0.0,0.0,0.0,0.0,0.0,0.0,0.0,0.0,0.0,0.0,1.0,1
1.3887164521663933,0.004276713820890275,1.324417105737379,-0.9087858602827517,1.590292979448121,-1.0004538234860347,2.0279289122756095,-0.2838565988642303,1.2084059522778021,0.0,0.0,0.0,0.0,0.0,0.0,0.0,0.0,0.0,0.0,0.0,0.0,0.0,0.0,0.0,0.0,0.0,0.0,1.0,0
-0.7653598964988152,1.1697538093601885,-0.14852891671331148,-0.9352825609142946,-0.5197703579533111,-1.0004538234860347,-0.7627989486541282,-0.2838565988642303,-1.2865822492592978,0.0,0.0,0.0,0.0,0.0,0.0,0.0,0.0,0.0,0.0,0.0,0.0,0.0,0.0,0.0,0.0,0.0,0.0,1.0,0
0.5049928219447694,0.10994663714978671,1.1968893115858041,1.3377946125047486,1.6674904186213442,1.8579856721883499,-0.7627989486541282,-0.2838565988642303,0.3767432184321022,0.0,0.0,0.0,0.0,0.0,0.0,0.0,0.0,0.0,0.0,0.0,0.0,0.0,0.0,0.0,0.0,0.0,0.0,1.0,1
-0.1577999007214487,2.1302915724891354,0.7505420320552918,-0.44860442489451796,-0.8371376078876727,0.9051725069635551,-0.7627989486541282,-0.2838565988642303,0.3767432184321022,0.0,0.0,0.0,0.0,0.0,0.0,0.0,0.0,0.0,0.0,0.0,0.0,0.0,0.0,0.0,0.0,0.0,0.0,1.0,0
-1.3176871653873303,1.734431764434538,-1.3855485199835884,-0.5949372397555608,1.230038263306413,-1.0004538234860347,-0.7627989486541282,-1.5682755982498873,0.3767432184321022,0.0,0.0,0.0,0.0,0.0,0.0,0.0,0.0,0.0,0.0,0.0,0.0,0.0,0.0,0.0,0.0,0.0,0.0,1.0,1
-1.7043162536092908,-0.42416466464899044,0.7377892526401343,-0.2153143961072955,1.3501231686869821,1.8579856721883499,-0.7627989486541282,1.0005624005214266,-1.2865822492592978,0.0,0.0,0.0,0.0,0.0,0.0,0.0,0.0,0.0,0.0,0.0,0.0,0.0,0.0,0.0,0.0,0.0,0.0,1.0,0
0.3392946412782148,0.7369287637798381,-1.7234971744852619,1.9107781939091195,-0.8371376078876727,-0.04764065826123979,-0.7627989486541282,1.0005624005214266,0.3767432184321022,0.0,0.0,0.0,0.0,0.0,0.0,0.0,0.0,0.0,0.0,0.0,0.0,0.0,0.0,0.0,0.0,0.0,0.0,1.0,1
-1.2072217116096273,1.30036058395648,1.6878713190693675,0.8422052095904125,-0.23671308098482638,-0.04764065826123979,-0.7627989486541282,-0.2838565988642303,-1.2865822492592978,0.0,0.0,0.0,0.0,0.0,0.0,0.0,0.0,0.0,0.0,0.0,0.0,0.0,0.0,0.0,0.0,0.0,0.0,1.0,0
0.5049928219447694,0.9465039496093335,1.5922254734556864,3.3396508808305976,-0.6055452903680034,-1.0004538234860347,-0.7627989486541282,-0.2838565988642303,1.2084059522778021,0.0,0.0,0.0,0.0,0.0,0.0,0.0,0.0,0.0,0.0,0.0,0.0,0.0,0.0,0.0,0.0,0.0,0.0,1.0,0
1.6096473597217993,-2.3797742752171294,-0.16765808583604772,-1.001710605391259,0.37228893915948946,0.9051725069635551,-0.7627989486541282,-0.2838565988642303,-1.2865822492592978,0.0,0.0,0.0,0.0,0.0,0.0,0.0,0.0,0.0,0.0,0.0,0.0,0.0,0.0,0.0,0.0,0.0,0.0,1.0,1
-0.7653598964988152,0.6932014591865554,-0.8116734463015011,-0.5821892629264397,0.3465564594350817,-1.0004538234860347,-0.7627989486541282,-0.2838565988642303,-1.2865822492592978,0.0,0.0,0.0,0.0,0.0,0.0,0.0,0.0,0.0,0.0,0.0,0.0,0.0,0.0,0.0,0.0,0.0,0.0,1.0,1
-0.5444289889434092,2.4334696954439634,0.9673392821129692,-1.0481647666882958,-0.4339954255386187,-1.0004538234860347,2.0279289122756095,1.0005624005214266,-1.2865822492592978,0.0,0.0,0.0,0.0,0.0,0.0,0.0,0.0,0.0,0.0,0.0,0.0,0.0,0.0,0.0,0.0,0.0,0.0,1.0,1
-0.6548944427211122,0.12137994091956497,-0.40996089472404007,-0.7213567294586505,0.0034567297763122735,1.8579856721883499,-0.7627989486541282,-0.2838565988642303,1.2084059522778021,0.0,0.0,0.0,0.0,0.0,0.0,0.0,0.0,0.0,0.0,0.0,0.0,0.0,0.0,0.0,0.0,0.0,0.0,1.0,0
-1.5386180729427363,-0.8912626015770317,0.3807114290157245,-0.913952793886439,1.6589129253798747,0.9051725069635551,-0.7627989486541282,1.0005624005214266,0.3767432184321022,0.0,0.0,0.0,0.0,0.0,0.0,0.0,0.0,0.0,0.0,0.0,0.0,0.0,0.0,0.0,0.0,0.0,0.0,1.0,1
-1.3729198922761818,1.2722025672617117,0.03638638480647218,-0.48755349709537643,-1.20596981727085,-1.0004538234860347,-0.7627989486541282,-0.2838565988642303,0.3767432184321022,0.0,0.0,0.0,0.0,0.0,0.0,0.0,0.0,0.0,0.0,0.0,0.0,0.0,0.0,0.0,0.0,0.0,0.0,1.0,1
-0.7653598964988152,0.9394285796532219,1.4136865616434815,-0.25930210101782847,-0.9658000065097112,-1.0004538234860347,1.097686291965697,-1.5682755982498873,1.2084059522778021,0.0,0.0,0.0,0.0,0.0,0.0,0.0,0.0,0.0,0.0,0.0,0.0,0.0,0.0,0.0,0.0,0.0,0.0,1.0,1
-0.0473344469437457,-0.66342899833306,-1.3217846229078007,-0.2479551699513281,-0.5540803309191881,-1.0004538234860347,-0.7627989486541282,-0.2838565988642303,1.2084059522778021,0.0,0.0,0.0,0.0,0.0,0.0,0.0,0.0,0.0,0.0,0.0,0.0,0.0,0.0,0.0,0.0,0.0,0.0,1.0,0
-1.3729198922761818,0.6896007276313308,1.3818046131055877,-0.9575001701287195,-0.5540803309191881,-1.0004538234860347,2.0279289122756095,-1.5682755982498873,-0.4549195154135979,0.0,0.0,0.0,0.0,0.0,0.0,0.0,0.0,0.0,0.0,0.0,0.0,0.0,0.0,0.0,0.0,0.0,0.0,1.0,1
-1.5938507998315878,0.40350501042706105,-0.36532616677098884,-0.4309091655922595,-0.8971800605779574,-1.0004538234860347,-0.7627989486541282,1.0005624005214266,-1.2865822492592978,0.0,0.0,0.0,0.0,0.0,0.0,0.0,0.0,0.0,0.0,0.0,0.0,0.0,0.0,0.0,0.0,0.0,0.0,1.0,0
-0.4891962620545577,0.8644179494683902,1.0311031791887566,-0.6986238638538698,0.5953037634376896,-0.04764065826123979,-0.7627989486541282,2.2849813999070836,-1.2865822492592978,0.0,0.0,0.0,0.0,0.0,0.0,0.0,0.0,0.0,0.0,0.0,0.0,0.0,0.0,0.0,0.0,0.0,0.0,1.0,1
-0.9310580771653697,0.026032929603377282,-0.13577613729815396,-0.9583233486647063,-0.09089569587984914,-0.04764065826123979,2.0279289122756095,1.0005624005214266,0.3767432184321022,0.0,0.0,0.0,0.0,0.0,0.0,0.0,0.0,0.0,0.0,0.0,0.0,0.0,0.0,0.0,0.0,0.0,0.0,1.0,1
-0.2130326276103002,0.0008559078383655314,1.324417105737379,-0.8252414501373151,0.7925861079914819,2.810798837413145,-0.7627989486541282,-0.2838565988642303,1.2084059522778021,0.0,0.0,0.0,0.0,0.0,0.0,0.0,0.0,0.0,0.0,0.0,0.0,0.0,0.0,0.0,0.0,0.0,0.0,1.0,1
-0.1577999007214487,-0.05766333158504259,1.3307934954449578,-0.9964020276005813,-0.5883903038850649,-0.04764065826123979,1.097686291965697,-0.2838565988642303,0.3767432184321022,0.0,0.0,0.0,0.0,1.0,0.0,0.0,0.0,0.0,0.0,0.0,0.0,0.0,0.0,0.0,0.0,0.0,0.0,0.0,1
0.9468546370555814,1.0969607460273954,0.11927945100499589,0.22710608992094508,0.8612060539232358,-1.0004538234860347,0.1674436716557843,-1.5682755982498873,1.2084059522778021,0.0,0.0,0.0,0.0,0.0,0.0,0.0,0.0,0.0,0.0,0.0,0.0,0.0,0.0,0.0,0.0,0.0,0.0,1.0,0
0.3945273681670663,0.0008559078383655314,-0.0007319322488577413,-0.3197307956907498,-1.0172649659585267,0.9051725069635551,-0.7627989486541282,-1.5682755982498873,-1.2865822492592978,0.0,0.0,0.0,0.0,0.0,0.0,0.0,0.0,0.0,0.0,0.0,0.0,0.0,0.0,0.0,0.0,0.0,0.0,1.0,1
-0.2130326276103002,-0.5952415517956662,-1.015717916944021,-0.26074215025222924,0.3122464864692049,-1.0004538234860347,2.0279289122756095,1.0005624005214266,-1.2865822492592978,0.0,0.0,0.0,0.0,0.0,0.0,0.0,0.0,0.0,0.0,0.0,0.0,0.0,0.0,0.0,0.0,0.0,0.0,1.0,1
1.4991819059440963,-1.3657659379926892,1.5220851866723202,2.248174647319861,0.3294014729521433,-0.04764065826123979,-0.7627989486541282,-1.5682755982498873,0.3767432184321022,0.0,0.0,0.0,0.0,0.0,0.0,0.0,0.0,0.0,0.0,0.0,0.0,0.0,0.0,0.0,0.0,0.0,0.0,1.0,1
1.1125528177221358,-1.0702132342131467,0.9800920615281267,0.22906960680291832,-1.1888148307879114,-1.0004538234860347,1.097686291965697,-0.2838565988642303,-0.4549195154135979,0.0,0.0,0.0,0.0,0.0,0.0,0.0,0.0,0.0,0.0,0.0,0.0,0.0,0.0,0.0,0.0,0.0,0.0,1.0,1
-0.4891962620545577,-0.7616324055944316,-1.2516443361244347,-1.0132258672307042,0.6982336823353205,0.9051725069635551,0.1674436716557843,2.2849813999070836,-1.2865822492592978,0.0,0.0,0.0,0.0,0.0,0.0,0.0,0.0,0.0,0.0,0.0,0.0,0.0,0.0,0.0,0.0,0.0,0.0,1.0,0
-1.3729198922761818,0.596814822679508,-0.3589497770634101,0.25809640106439574,0.23504904729598156,-1.0004538234860347,-0.7627989486541282,-0.2838565988642303,0.3767432184321022,0.0,0.0,0.0,0.0,0.0,0.0,0.0,0.0,0.0,0.0,0.0,0.0,0.0,0.0,0.0,0.0,0.0,0.0,1.0,1
0.5049928219447694,-0.3019295748352851,1.7006240984845251,-0.5242208661971097,0.36371144591802007,-1.0004538234860347,-0.7627989486541282,-0.2838565988642303,0.3767432184321022,0.0,0.0,0.0,0.0,0.0,0.0,0.0,0.0,0.0,0.0,0.0,0.0,0.0,0.0,0.0,0.0,0.0,0.0,1.0,0
1.3887164521663933,0.47770182510048315,-0.66501648302719,1.0457407214453165,1.547405513240775,-1.0004538234860347,-0.7627989486541282,1.0005624005214266,-1.2865822492592978,0.0,0.0,0.0,0.0,0.0,0.0,0.0,0.0,0.0,0.0,0.0,0.0,0.0,0.0,0.0,0.0,0.0,0.0,1.0,1
0.8363891832778784,1.4972910710691747,-0.4163372844316188,-0.6443033181431143,-0.7770951551973881,-0.04764065826123979,-0.7627989486541282,1.0005624005214266,1.2084059522778021,0.0,0.0,0.0,0.0,0.0,0.0,0.0,0.0,0.0,0.0,0.0,0.0,0.0,0.0,0.0,0.0,0.0,0.0,1.0,1
-0.9862908040542212,0.0008559078383655314,-1.6852388362397894,-0.31179256277638395,1.0241784255111515,2.810798837413145,2.0279289122756095,-0.2838565988642303,0.3767432184321022,0.0,0.0,0.0,0.0,0.0,0.0,0.0,0.0,0.0,0.0,0.0,0.0,0.0,0.0,0.0,0.0,0.0,0.0,1.0,0
1.2230182714998388,-0.081390074570255,-1.646980497994317,-0.5425873957768436,-1.5404920536881501,-0.04764065826123979,-0.7627989486541282,2.2849813999070836,-1.2865822492592978,0.0,0.0,0.0,0.0,0.0,0.0,0.0,0.0,0.0,0.0,0.0,0.0,0.0,0.0,0.0,0.0,0.0,0.0,1.0,0
-1.7043162536092908,0.7895720123831006,1.681494929361789,0.425168798840835,-0.5712353174021264,-0.04764065826123979,1.097686291965697,-0.2838565988642303,1.2084059522778021,0.0,0.0,0.0,0.0,0.0,0.0,0.0,0.0,0.0,0.0,0.0,0.0,0.0,0.0,0.0,0.0,0.0,0.0,1.0,1
-0.1025671738325972,0.694817510225813,-1.3855485199835884,-0.8686235748281071,1.0070234390282127,1.8579856721883499,0.1674436716557843,-1.5682755982498873,-1.2865822492592978,0.0,0.0,0.0,0.0,0.0,0.0,0.0,0.0,0.0,0.0,0.0,0.0,0.0,0.0,0.0,0.0,0.0,0.0,1.0,0
1.0573200908332843,0.420213640041549,-1.0475998654819147,-0.6098663317829013,-0.8028276349217958,-0.04764065826123979,-0.7627989486541282,-0.2838565988642303,0.3767432184321022,0.0,0.0,0.0,0.0,0.0,0.0,0.0,0.0,0.0,0.0,0.0,0.0,0.0,0.0,0.0,0.0,0.0,0.0,1.0,0
-1.0967562578319243,-0.7002269694295905,-1.1623748802183322,-0.11880646363079615,0.6553462161279743,-1.0004538234860347,-0.7627989486541282,-0.2838565988642303,1.2084059522778021,0.0,0.0,0.0,0.0,0.0,0.0,0.0,0.0,0.0,0.0,0.0,0.0,0.0,0.0,0.0,0.0,0.0,0.0,1.0,0
-1.4281526191650333,0.07445398753361186,-1.5513346523806357,-0.04645810270050101,-0.9143350470608959,-1.0004538234860347,1.097686291965697,-0.2838565988642303,0.3767432184321022,0.0,0.0,0.0,0.0,0.0,0.0,0.0,0.0,0.0,0.0,0.0,0.0,0.0,0.0,0.0,0.0,0.0,0.0,1.0,1
0.8916219101667299,-0.3993564798656127,-0.5693706374135088,0.12064508729050148,-0.5540803309191881,-0.04764065826123979,-0.7627989486541282,-1.5682755982498873,1.2084059522778021,0.0,0.0,0.0,0.0,0.0,0.0,0.0,0.0,0.0,0.0,0.0,0.0,0.0,0.0,0.0,0.0,0.0,0.0,1.0,0
-1.3729198922761818,0.06846777936470633,-1.1559984905107534,1.9893671103242019,0.32082397971067395,-0.04764065826123979,0.1674436716557843,-0.2838565988642303,-0.4549195154135979,0.0,0.0,0.0,0.0,0.0,0.0,0.0,0.0,0.0,0.0,0.0,0.0,0.0,0.0,0.0,0.0,0.0,0.0,1.0,1
1.6096473597217993,0.7291084148812661,1.375428223398009,-0.43969110518565413,-0.6055452903680034,1.8579856721883499,-0.7627989486541282,-0.2838565988642303,-0.4549195154135979,0.0,0.0,0.0,0.0,0.0,0.0,0.0,0.0,0.0,0.0,0.0,0.0,0.0,0.0,0.0,0.0,0.0,0.0,1.0,0
-1.7043162536092908,0.5536780972478644,-0.040130291684472776,-0.8439651694059809,-0.10805068236278785,-0.04764065826123979,-0.7627989486541282,1.0005624005214266,-1.2865822492592978,0.0,0.0,0.0,0.0,0.0,0.0,0.0,0.0,0.0,0.0,0.0,0.0,0.0,0.0,0.0,0.0,0.0,0.0,1.0,1
0.007898279945105802,2.179114713181924,-0.7606623286408711,0.775974235286652,0.8697835471647052,0.9051725069635551,-0.7627989486541282,-1.5682755982498873,-1.2865822492592978,0.0,0.0,0.0,0.0,0.0,0.0,0.0,0.0,0.0,0.0,0.0,0.0,0.0,0.0,0.0,0.0,0.0,0.0,1.0,1
-1.3176871653873303,-0.6800816580270003,1.2032657012933827,-0.34544947970099854,-0.9314900335438343,-0.04764065826123979,-0.7627989486541282,-0.2838565988642303,0.3767432184321022,0.0,0.0,0.0,0.0,0.0,0.0,0.0,0.0,0.0,0.0,0.0,0.0,0.0,0.0,0.0,0.0,0.0,0.0,1.0,0
1.0020873639444328,-0.0977229980514122,-1.2835262846623283,0.12795618543493223,0.7582761350256051,-0.04764065826123979,1.097686291965697,-1.5682755982498873,-1.2865822492592978,0.0,0.0,0.0,0.0,0.0,0.0,0.0,0.0,0.0,0.0,0.0,0.0,0.0,0.0,0.0,0.0,0.0,0.0,1.0,1
-0.26826535449915173,1.1044825886830472,-1.4110540788139032,-0.4290985833759496,1.7018003915872209,-1.0004538234860347,2.0279289122756095,-1.5682755982498873,-0.4549195154135979,0.0,0.0,0.0,0.0,0.0,0.0,0.0,0.0,0.0,0.0,0.0,0.0,0.0,0.0,0.0,0.0,0.0,0.0,1.0,1
-0.7653598964988152,-0.3678820845452984,-1.3727957405684308,1.154370522388154,-0.6741652362997572,-1.0004538234860347,1.097686291965697,1.0005624005214266,-1.2865822492592978,0.0,0.0,0.0,0.0,0.0,0.0,0.0,0.0,0.0,0.0,0.0,0.0,0.0,0.0,0.0,0.0,0.0,0.0,1.0,1
0.3392946412782148,-0.2927665911759923,-1.468441586182112,-0.8428104613598649,-1.4461396280319885,-1.0004538234860347,-0.7627989486541282,-0.2838565988642303,1.2084059522778021,0.0,0.0,0.0,0.0,0.0,0.0,0.0,0.0,0.0,0.0,0.0,0.0,0.0,0.0,0.0,0.0,0.0,0.0,1.0,1
-1.4833853460538848,0.1413998025002385,-0.5438650785831938,0.5207663081734187,1.4530530875846133,0.9051725069635551,1.097686291965697,-1.5682755982498873,0.3767432184321022,0.0,0.0,0.0,0.0,0.0,0.0,0.0,0.0,0.0,0.0,0.0,0.0,0.0,0.0,0.0,0.0,0.0,0.0,1.0,1
0.8916219101667299,1.0777701399362132,1.3180407160298002,-0.7686556238418681,-1.2231248037537883,0.9051725069635551,2.0279289122756095,-1.5682755982498873,-1.2865822492592978,0.0,0.0,0.0,0.0,0.0,0.0,0.0,0.0,0.0,0.0,0.0,0.0,0.0,0.0,0.0,0.0,0.0,0.0,1.0,0
0.22882918750051182,-0.9488607964798006,-0.5438650785831938,-0.8822501561794287,1.2043057835820055,-1.0004538234860347,0.1674436716557843,1.0005624005214266,1.2084059522778021,0.0,0.0,0.0,0.0,0.0,0.0,0.0,0.0,0.0,0.0,0.0,0.0,0.0,0.0,0.0,0.0,0.0,0.0,1.0,0
1.2230182714998388,0.5677355539591757,-1.5640874317957931,1.1398961287291953,0.27793651350332776,-0.04764065826123979,2.0279289122756095,1.0005624005214266,-1.2865822492592978,0.0,0.0,0.0,0.0,0.0,0.0,0.0,0.0,0.0,0.0,0.0,0.0,0.0,0.0,0.0,0.0,0.0,0.0,1.0,0
0.8916219101667299,0.6178157662008131,0.9418337232826542,-0.9855262174168963,-0.957222513268242,0.9051725069635551,-0.7627989486541282,1.0005624005214266,0.3767432184321022,0.0,0.0,0.0,0.0,0.0,0.0,0.0,0.0,0.0,0.0,0.0,0.0,0.0,0.0,0.0,0.0,0.0,0.0,1.0,0
-1.5938507998315878,0.11303077277168179,-1.5003235347200057,2.0900863913457806,-0.4425729187800879,-1.0004538234860347,1.097686291965697,1.0005624005214266,1.2084059522778021,0.0,0.0,0.0,0.0,0.0,0.0,0.0,0.0,0.0,0.0,0.0,0.0,0.0,0.0,0.0,0.0,0.0,0.0,1.0,0
0.11836373372280881,-0.6146155076265727,-1.800013850976207,1.063904022408934,1.410165621377267,0.9051725069635551,1.097686291965697,-0.2838565988642303,-1.2865822492592978,0.0,0.0,0.0,0.0,0.0,0.0,0.0,0.0,0.0,0.0,0.0,0.0,0.0,0.0,0.0,0.0,0.0,0.0,1.0,0
0.3945273681670663,-0.35826748152710464,-1.3983012993987458,-0.5980380157620645,-0.3653754796068648,-0.04764065826123979,-0.7627989486541282,-0.2838565988642303,-1.2865822492592978,0.0,0.0,0.0,0.0,0.0,0.0,0.0,0.0,0.0,0.0,0.0,0.0,0.0,0.0,0.0,0.0,0.0,0.0,1.0,0
-0.1025671738325972,-1.4894446657570684,-1.391924909691167,1.1305558236450566,1.4187431146187364,0.9051725069635551,-0.7627989486541282,-1.5682755982498873,0.3767432184321022,0.0,0.0,0.0,0.0,0.0,0.0,0.0,0.0,0.0,0.0,0.0,0.0,0.0,0.0,0.0,0.0,0.0,0.0,1.0,1
-0.5444289889434092,0.39362664111663187,-1.6597332774094744,-1.012797855448277,-0.21098060126041862,-0.04764065826123979,-0.7627989486541282,2.2849813999070836,0.3767432184321022,0.0,0.0,0.0,0.0,0.0,0.0,0.0,0.0,0.0,0.0,0.0,0.0,0.0,0.0,0.0,0.0,0.0,0.0,1.0,1
0.8916219101667299,0.11708505368306703,-0.9965887478212848,-0.39873951263104235,-1.2231248037537883,-1.0004538234860347,1.097686291965697,-0.2838565988642303,0.3767432184321022,0.0,0.0,0.0,0.0,0.0,0.0,0.0,0.0,0.0,0.0,0.0,0.0,0.0,0.0,0.0,0.0,0.0,0.0,1.0,1
0.8363891832778784,-1.3097889407885384,0.8780698262068667,-1.0313747984941923,0.7325436553011972,-1.0004538234860347,-0.7627989486541282,1.0005624005214266,1.2084059522778021,0.0,0.0,0.0,0.0,0.0,0.0,0.0,0.0,0.0,0.0,0.0,0.0,0.0,0.0,0.0,0.0,0.0,0.0,1.0,1
-1.3729198922761818,0.8565178273497271,-1.1368693213880172,0.7670239649203124,-0.5283478511947802,-0.04764065826123979,-0.7627989486541282,-0.2838565988642303,-0.4549195154135979,0.0,0.0,0.0,0.0,0.0,0.0,0.0,0.0,0.0,0.0,0.0,0.0,0.0,0.0,0.0,0.0,0.0,0.0,1.0,1
-1.2072217116096273,0.0008559078383655314,-0.6841456521499262,-0.706317811866035,1.230038263306413,2.810798837413145,2.0279289122756095,-0.2838565988642303,0.3767432184321022,0.0,0.0,0.0,0.0,0.0,0.0,0.0,0.0,0.0,0.0,0.0,0.0,0.0,0.0,0.0,0.0,0.0,0.0,1.0,0
1.0573200908332843,-0.7019639669638242,-0.32706782852551636,-0.8763062323615993,0.9555584795793975,0.9051725069635551,2.0279289122756095,1.0005624005214266,0.3767432184321022,0.0,0.0,0.0,0.0,0.0,0.0,0.0,0.0,0.0,0.0,0.0,0.0,0.0,0.0,0.0,0.0,0.0,0.0,1.0,1
-0.4891962620545577,-1.4763734376457498,0.6867781349795044,-0.7048377327527022,-0.05658572291397231,-1.0004538234860347,-0.7627989486541282,1.0005624005214266,1.2084059522778021,0.0,0.0,0.0,0.0,0.0,0.0,0.0,0.0,0.0,0.0,0.0,0.0,0.0,0.0,0.0,0.0,0.0,0.0,1.0,0
1.2782509983886903,0.37940642130303864,0.7059073041022406,-0.9348586547604759,0.9298259998549897,-0.04764065826123979,1.097686291965697,1.0005624005214266,1.2084059522778021,0.0,0.0,0.0,0.0,0.0,0.0,0.0,0.0,0.0,0.0,1.0,0.0,0.0,0.0,0.0,0.0,0.0,0.0,0.0,1
0.5602255488336209,-1.193008666564747,-1.0858582037273872,-1.0124139791733906,-0.9743774997511805,-1.0004538234860347,2.0279289122756095,-0.2838565988642303,-0.4549195154135979,0.0,0.0,0.0,0.0,0.0,0.0,0.0,0.0,0.0,0.0,0.0,0.0,0.0,0.0,0.0,0.0,0.0,0.0,1.0,0
0.7811564563890269,-1.2310411925754239,-0.3206914388179376,-0.5309612819649712,-1.0172649659585267,0.9051725069635551,-0.7627989486541282,1.0005624005214266,0.3767432184321022,0.0,0.0,0.0,0.0,0.0,0.0,0.0,0.0,0.0,0.0,0.0,0.0,0.0,0.0,0.0,0.0,0.0,0.0,1.0,1
-0.9862908040542212,-0.4199450473056425,-1.3090318434926433,-0.9264369840774697,-0.6827427295412265,-1.0004538234860347,-0.7627989486541282,-1.5682755982498873,-1.2865822492592978,0.0,0.0,0.0,0.0,0.0,0.0,0.0,0.0,0.0,0.0,0.0,0.0,0.0,0.0,0.0,0.0,0.0,0.0,1.0,1
1.5544146328329478,0.7466327900044238,-0.14215252700573272,-0.2910817192612464,-0.7685176619559189,-0.04764065826123979,-0.7627989486541282,1.0005624005214266,1.2084059522778021,0.0,0.0,0.0,0.0,0.0,0.0,0.0,0.0,0.0,0.0,0.0,0.0,0.0,0.0,0.0,0.0,0.0,0.0,1.0,1
-0.4339635351657062,0.2658518158335616,-1.143245711095596,-0.46771202043807036,1.127108344408782,-0.04764065826123979,0.1674436716557843,-0.2838565988642303,0.3767432184321022,0.0,0.0,0.0,0.0,0.0,0.0,0.0,0.0,0.0,0.0,0.0,0.0,0.0,0.0,0.0,0.0,0.0,0.0,1.0,0
0.3945273681670663,-0.5708335197775823,-0.0018719534390002962,-0.9354508916872395,-1.2488572834781961,-0.04764065826123979,1.097686291965697,2.2849813999070836,1.2084059522778021,0.0,0.0,0.0,0.0,0.0,0.0,0.0,0.0,0.0,0.0,0.0,0.0,0.0,0.0,0.0,0.0,0.0,0.0,1.0,1
0.8363891832778784,-0.0670868648744706,1.426439341058639,0.34973608441846976,-0.048008229672502956,-0.04764065826123979,2.0279289122756095,-0.2838565988642303,1.2084059522778021,0.0,0.0,0.0,0.0,0.0,0.0,0.0,0.0,0.0,0.0,0.0,0.0,0.0,0.0,0.0,0.0,0.0,0.0,1.0,1
0.8363891832778784,1.0504317287446354,-1.544958262673057,0.5640047358629164,0.14927411488128922,-1.0004538234860347,-0.7627989486541282,-1.5682755982498873,0.3767432184321022,0.0,0.0,0.0,0.0,0.0,0.0,0.0,0.0,0.0,0.0,0.0,0.0,0.0,0.0,0.0,0.0,0.0,0.0,1.0,1
-1.7595489804981423,-0.09596670054457572,1.2925351571994852,-1.0073486598777617,1.1013758646843745,-1.0004538234860347,-0.7627989486541282,-0.2838565988642303,-1.2865822492592978,0.0,0.0,0.0,0.0,0.0,0.0,0.0,0.0,0.0,0.0,0.0,0.0,0.0,0.0,0.0,0.0,0.0,0.0,1.0,1
1.1677855446109873,-0.8049544107630601,0.393464208430882,-0.962401264280012,0.423753898608305,-0.04764065826123979,-0.7627989486541282,-0.2838565988642303,1.2084059522778021,0.0,0.0,0.0,0.0,0.0,0.0,0.0,0.0,0.0,0.0,0.0,0.0,0.0,0.0,0.0,0.0,0.0,0.0,1.0,0
0.4497600950559178,-0.051134794186004535,-0.4035845050164613,1.7657386520597265,0.7668536282670744,-1.0004538234860347,1.097686291965697,1.0005624005214266,1.2084059522778021,0.0,0.0,0.0,0.0,0.0,0.0,0.0,0.0,0.0,0.0,0.0,0.0,0.0,0.0,0.0,0.0,0.0,0.0,1.0,0
-0.4339635351657062,-1.1968757377418875,-1.1687512699259108,0.40660211986644107,0.578148776954751,-1.0004538234860347,1.097686291965697,1.0005624005214266,-0.4549195154135979,0.0,0.0,0.0,0.0,0.0,0.0,0.0,0.0,0.0,0.0,0.0,0.0,0.0,0.0,0.0,0.0,0.0,0.0,1.0,1
0.007898279945105802,-0.6751247817302333,-1.544958262673057,-0.5706370504295186,1.744687857794567,1.8579856721883499,-0.7627989486541282,1.0005624005214266,-0.4549195154135979,0.0,0.0,0.0,0.0,0.0,0.0,0.0,0.0,0.0,0.0,0.0,0.0,0.0,0.0,0.0,0.0,0.0,0.0,1.0,1
-1.7595489804981423,-0.6714925268864246,1.5348379660874776,0.3202956480746949,-1.20596981727085,-1.0004538234860347,0.1674436716557843,-0.2838565988642303,0.3767432184321022,0.0,0.0,0.0,0.0,0.0,0.0,0.0,0.0,0.0,0.0,0.0,0.0,0.0,0.0,0.0,0.0,0.0,0.0,1.0,0
-0.5996617158322607,0.1252354321131437,1.6049782528708438,-0.2853153638807309,0.4580638715741818,0.9051725069635551,1.097686291965697,-0.2838565988642303,-1.2865822492592978,0.0,0.0,0.0,0.0,0.0,0.0,0.0,0.0,0.0,0.0,0.0,0.0,0.0,0.0,0.0,0.0,0.0,0.0,1.0,1
1.6096473597217993,-0.08504613271360652,-0.3525733873558314,2.283447129101886,-0.6827427295412265,-1.0004538234860347,0.1674436716557843,-1.5682755982498873,-1.2865822492592978,0.0,0.0,0.0,0.0,0.0,0.0,0.0,0.0,0.0,0.0,0.0,0.0,0.0,0.0,0.0,0.0,0.0,0.0,1.0,1
-1.2072217116096273,1.2606084303869118,1.4136865616434815,-0.7914151760326036,-1.2402797902367269,-0.04764065826123979,0.1674436716557843,1.0005624005214266,-0.4549195154135979,0.0,0.0,0.0,0.0,0.0,0.0,0.0,0.0,0.0,0.0,0.0,0.0,0.0,0.0,0.0,0.0,0.0,0.0,1.0,0
-0.5996617158322607,1.1599404166241887,-0.6713928727347687,-0.23268633715664153,0.11496414191541239,0.9051725069635551,0.1674436716557843,-0.2838565988642303,1.2084059522778021,0.0,0.0,0.0,0.0,0.0,0.0,0.0,0.0,0.0,0.0,0.0,0.0,0.0,0.0,0.0,0.0,0.0,0.0,1.0,0
1.6096473597217993,0.15529642610652777,-1.3409137920305372,-0.1201161591568798,-0.048008229672502956,0.9051725069635551,0.1674436716557843,-0.2838565988642303,0.3767432184321022,0.0,0.0,0.0,0.0,0.0,0.0,0.0,0.0,0.0,0.0,0.0,0.0,0.0,0.0,0.0,0.0,0.0,0.0,1.0,1
-0.4891962620545577,-0.0047016334338374835,-1.3281610126153796,-0.7601333652579556,0.7068111755767895,-1.0004538234860347,1.097686291965697,1.0005624005214266,-1.2865822492592978,0.0,0.0,0.0,0.0,0.0,0.0,0.0,0.0,0.0,0.0,0.0,0.0,0.0,0.0,0.0,0.0,0.0,0.0,1.0,1
1.6096473597217993,1.8335879470100584,-1.6278513288715806,0.10164937012652837,1.0670658917184976,-0.04764065826123979,0.1674436716557843,-1.5682755982498873,0.3767432184321022,0.0,0.0,0.0,0.0,0.0,0.0,0.0,0.0,0.0,0.0,0.0,0.0,0.0,0.0,0.0,0.0,0.0,0.0,1.0,1
0.11836373372280881,-0.3123541333703676,-1.0475998654819147,-0.009573135282521896,-0.8371376078876727,-1.0004538234860347,-0.7627989486541282,-0.2838565988642303,-1.2865822492592978,0.0,0.0,0.0,0.0,0.0,0.0,0.0,0.0,0.0,0.0,0.0,0.0,0.0,0.0,0.0,0.0,0.0,0.0,1.0,0
-1.3176871653873303,-0.4675078997874814,1.1650073630479103,1.2044612442250924,-0.1766706282945415,-0.04764065826123979,-0.7627989486541282,-0.2838565988642303,0.3767432184321022,0.0,0.0,0.0,0.0,0.0,0.0,0.0,0.0,0.0,0.0,0.0,0.0,0.0,0.0,0.0,0.0,0.0,0.0,1.0,1
-1.1519889847207758,-0.44302524120866776,-0.3143150491103589,0.06793086877278753,-0.08231820263838008,-1.0004538234860347,-0.7627989486541282,-1.5682755982498873,0.3767432184321022,0.0,0.0,0.0,0.0,0.0,0.0,0.0,0.0,0.0,0.0,0.0,0.0,0.0,0.0,0.0,0.0,0.0,0.0,1.0,1
1.3887164521663933,-0.8751702844209868,-1.6087221597488444,3.867065063903045,1.4530530875846133,-0.04764065826123979,1.097686291965697,1.0005624005214266,0.3767432184321022,0.0,0.0,0.0,0.0,0.0,0.0,0.0,0.0,0.0,0.0,0.0,0.0,0.0,0.0,0.0,0.0,0.0,0.0,1.0,1
-0.5444289889434092,-0.27511676623091785,-0.6968984315650837,-0.7732836936907013,0.17500659460569698,-1.0004538234860347,-0.7627989486541282,-1.5682755982498873,1.2084059522778021,0.0,0.0,0.0,0.0,0.0,0.0,0.0,0.0,0.0,0.0,0.0,0.0,0.0,0.0,0.0,0.0,0.0,0.0,1.0,0
-1.5386180729427363,0.6588108380059886,-1.6406041082867382,-0.8598334239774957,0.7925861079914819,-1.0004538234860347,-0.7627989486541282,1.0005624005214266,1.2084059522778021,0.0,0.0,0.0,0.0,0.0,0.0,0.0,0.0,1.0,0.0,0.0,0.0,0.0,0.0,0.0,0.0,0.0,0.0,0.0,1
0.5049928219447694,0.14013115096782774,-1.2516443361244347,1.7163766793007815,-1.0773074186488114,0.9051725069635551,-0.7627989486541282,-0.2838565988642303,1.2084059522778021,0.0,0.0,0.0,0.0,0.0,0.0,0.0,0.0,0.0,0.0,0.0,0.0,0.0,0.0,0.0,0.0,0.0,0.0,1.0,0
0.6154582757224724,-1.8738563733962255,0.820682318838658,0.13233689116010852,-0.3224880133995186,-0.04764065826123979,1.097686291965697,-0.2838565988642303,1.2084059522778021,0.0,0.0,0.0,0.0,0.0,0.0,0.0,0.0,0.0,0.0,0.0,0.0,0.0,0.0,0.0,0.0,0.0,0.0,1.0,1
1.0573200908332843,0.03186152132936134,1.0055976203584416,2.0667623152213883,0.6296137364035665,1.8579856721883499,1.097686291965697,-0.2838565988642303,-1.2865822492592978,0.0,0.0,0.0,0.0,0.0,0.0,0.0,0.0,0.0,0.0,0.0,0.0,0.0,0.0,0.0,0.0,0.0,0.0,1.0,1
1.1125528177221358,-0.20387027403601274,-0.5183595197528788,0.8359862086558194,-0.2881780404336416,-1.0004538234860347,-0.7627989486541282,2.2849813999070836,0.3767432184321022,0.0,0.0,0.0,0.0,0.0,0.0,0.0,0.0,0.0,0.0,0.0,0.0,0.0,0.0,0.0,0.0,0.0,0.0,1.0,1
1.6096473597217993,0.10788797340550975,0.9418337232826542,-0.14754175826107624,1.2815032227552285,-1.0004538234860347,0.1674436716557843,-0.2838565988642303,-1.2865822492592978,0.0,0.0,0.0,0.0,0.0,0.0,0.0,0.0,0.0,0.0,0.0,0.0,0.0,0.0,0.0,0.0,0.0,0.0,1.0,1
1.4991819059440963,-0.4051529049705924,0.31057114223235827,-0.6179451824771053,0.681078695852382,1.8579856721883499,-0.7627989486541282,-0.2838565988642303,-1.2865822492592978,0.0,0.0,0.0,0.0,0.0,0.0,0.0,0.0,0.0,0.0,0.0,0.0,0.0,0.0,0.0,0.0,0.0,0.0,1.0,1
-0.32349808138800323,0.7984783064067789,-1.519452703842742,-0.25621774752575854,-0.6913202227826958,-1.0004538234860347,-0.7627989486541282,-0.2838565988642303,-1.2865822492592978,0.0,0.0,0.0,0.0,0.0,0.0,0.0,0.0,0.0,0.0,0.0,0.0,0.0,0.0,0.0,0.0,0.0,0.0,1.0,1
-0.7101271696099637,-0.20564715818029197,0.6485197967340318,-0.17243829014249035,0.5095288310229974,-0.04764065826123979,1.097686291965697,-0.2838565988642303,1.2084059522778021,0.0,0.0,0.0,0.0,0.0,0.0,0.0,0.0,0.0,0.0,0.0,0.0,0.0,0.0,0.0,0.0,0.0,0.0,1.0,1
-0.26826535449915173,-0.7651752372318482,-0.7861678874711862,-0.6172051429204389,1.1614183173746593,-0.04764065826123979,-0.7627989486541282,1.0005624005214266,-1.2865822492592978,0.0,0.0,0.0,0.0,0.0,0.0,0.0,0.0,0.0,0.0,0.0,0.0,0.0,0.0,0.0,0.0,0.0,0.0,1.0,1
0.5049928219447694,1.4797210193441908,0.4253461569687757,-0.04384384368409415,0.29509149998626644,-1.0004538234860347,1.097686291965697,-0.2838565988642303,-1.2865822492592978,0.0,0.0,0.0,0.0,0.0,0.0,0.0,0.0,0.0,0.0,0.0,0.0,0.0,0.0,0.0,0.0,0.0,0.0,1.0,0
-1.1519889847207758,-1.2225987412266281,-1.3281610126153796,-0.8216069424117178,1.0670658917184976,-1.0004538234860347,-0.7627989486541282,-1.5682755982498873,0.3767432184321022,0.0,0.0,0.0,0.0,0.0,0.0,0.0,0.0,0.0,0.0,0.0,0.0,0.0,0.0,0.0,0.0,0.0,0.0,1.0,0
-1.6490835267204393,-0.2034675479410384,0.004504436268578451,-0.3403133383118744,1.1356858376502512,0.9051725069635551,-0.7627989486541282,-1.5682755982498873,1.2084059522778021,0.0,0.0,0.0,0.0,0.0,0.0,0.0,0.0,0.0,0.0,0.0,0.0,0.0,0.0,0.0,0.0,0.0,0.0,1.0,0
1.1125528177221358,1.0383769658570534,1.2542768189540128,0.29311022824409066,-1.1802373375464421,1.8579856721883499,-0.7627989486541282,1.0005624005214266,1.2084059522778021,0.0,0.0,0.0,0.0,0.0,0.0,0.0,0.0,0.0,0.0,0.0,0.0,0.0,0.0,0.0,0.0,0.0,0.0,1.0,1
-1.7043162536092908,-0.3369275018204137,1.5922254734556864,-0.9862703626021712,0.37228893915948946,-1.0004538234860347,1.097686291965697,1.0005624005214266,-1.2865822492592978,0.0,0.0,0.0,0.0,0.0,0.0,0.0,0.0,0.0,0.0,0.0,0.0,0.0,0.0,0.0,0.0,0.0,0.0,1.0,1
-1.3176871653873303,1.4645486675488688,0.6166378481961381,0.1059777290869472,1.3501231686869821,0.9051725069635551,2.0279289122756095,-0.2838565988642303,1.2084059522778021,0.0,0.0,0.0,0.0,0.0,0.0,0.0,0.0,0.0,0.0,0.0,0.0,0.0,0.0,0.0,0.0,0.0,0.0,1.0,0
-0.6548944427211122,0.4927159171204629,-0.7861678874711862,0.9165047705168559,-1.1459273645805652,-1.0004538234860347,-0.7627989486541282,-1.5682755982498873,0.3767432184321022,0.0,0.0,0.0,0.0,0.0,0.0,0.0,0.0,0.0,0.0,0.0,0.0,0.0,0.0,0.0,0.0,0.0,0.0,1.0,1
0.7259237295001754,-0.17630219317046406,1.2670295983691702,-0.5111167260862086,0.22647155405451252,-0.04764065826123979,-0.7627989486541282,2.2849813999070836,0.3767432184321022,0.0,0.0,0.0,0.0,0.0,0.0,0.0,0.0,0.0,0.0,0.0,0.0,0.0,0.0,0.0,0.0,0.0,0.0,1.0,1
1.1677855446109873,-0.20100358477210722,-1.270773505247171,-0.5866243682306774,-0.5883903038850649,0.9051725069635551,2.0279289122756095,1.0005624005214266,-1.2865822492592978,0.0,0.0,0.0,0.0,0.0,0.0,0.0,0.0,0.0,0.0,0.0,0.0,0.0,0.0,0.0,0.0,0.0,0.0,1.0,0
-0.8758253502765182,-1.4347652700442322,-0.9328248507454973,-0.5244230684060739,0.9812909593038053,-0.04764065826123979,-0.7627989486541282,-1.5682755982498873,-1.2865822492592978,0.0,0.0,0.0,0.0,0.0,0.0,0.0,0.0,0.0,0.0,0.0,0.0,0.0,0.0,0.0,0.0,0.0,0.0,1.0,1
0.11836373372280881,-0.18190368855215763,-0.5056067403377212,2.7762036482764176,-0.13378316208719532,0.9051725069635551,-0.7627989486541282,-0.2838565988642303,0.3767432184321022,0.0,0.0,0.0,0.0,0.0,0.0,0.0,0.0,0.0,0.0,0.0,0.0,0.0,0.0,0.0,0.0,0.0,0.0,1.0,0
1.6096473597217993,0.38190769775233546,-0.537488688875615,-0.9845449721794858,-0.6227002768509419,-1.0004538234860347,2.0279289122756095,-0.2838565988642303,0.3767432184321022,0.0,0.0,0.0,0.0,0.0,0.0,0.0,0.0,0.0,0.0,0.0,0.0,0.0,0.0,0.0,0.0,0.0,0.0,1.0,0
1.1125528177221358,-0.30677515462337696,-0.8626845639621311,-0.06442433349091457,-0.42541793229714947,-1.0004538234860347,-0.7627989486541282,-0.2838565988642303,0.3767432184321022,0.0,0.0,0.0,0.0,0.0,0.0,0.0,0.0,0.0,0.0,0.0,0.0,0.0,0.0,0.0,0.0,0.0,0.0,1.0,1
0.06313100683395731,0.9322348365318142,0.973715671820548,-0.43131151719588395,1.0756433849599667,-0.04764065826123979,1.097686291965697,-0.2838565988642303,0.3767432184321022,0.0,0.0,0.0,0.0,0.0,0.0,0.0,0.0,0.0,0.0,0.0,0.0,0.0,0.0,0.0,0.0,0.0,0.0,1.0,1
-0.8758253502765182,-0.14830951290765787,-1.7043680053625256,-1.0463244186645748,0.5953037634376896,0.9051725069635551,1.097686291965697,-0.2838565988642303,-1.2865822492592978,0.0,0.0,0.0,0.0,0.0,0.0,0.0,0.0,0.0,0.0,0.0,0.0,0.0,0.0,0.0,0.0,0.0,0.0,1.0,0
0.8363891832778784,0.6882452262222085,-0.5183595197528788,-0.46949181043981725,1.3930106348943283,-1.0004538234860347,-0.7627989486541282,-1.5682755982498873,-1.2865822492592978,0.0,0.0,0.0,0.0,0.0,0.0,0.0,0.0,0.0,0.0,0.0,0.0,0.0,0.0,0.0,0.0,0.0,0.0,1.0,1
-1.6490835267204393,-0.391954297040097,-0.6777692624423475,-0.566968671267902,-1.283167256444073,-0.04764065826123979,-0.7627989486541282,1.0005624005214266,1.2084059522778021,0.0,0.0,0.0,0.0,0.0,0.0,0.0,0.0,0.0,0.0,0.0,0.0,0.0,0.0,0.0,0.0,0.0,0.0,1.0,1
1.4991819059440963,1.2531869475887933,0.15116139954288962,-0.12048463932448485,-0.039430736431033904,-0.04764065826123979,2.0279289122756095,-0.2838565988642303,-1.2865822492592978,0.0,0.0,0.0,0.0,0.0,0.0,0.0,0.0,0.0,0.0,0.0,0.0,0.0,0.0,0.0,0.0,0.0,0.0,1.0,1
-1.0967562578319243,0.0008559078383655314,-0.0007319322488577413,-0.599197855843941,1.092798371442905,0.9051725069635551,-0.7627989486541282,-0.2838565988642303,0.3767432184321022,0.0,0.0,0.0,0.0,0.0,0.0,0.0,0.0,0.0,0.0,0.0,0.0,0.0,0.0,0.0,0.0,0.0,0.0,1.0,1
1.2782509983886903,0.9268835974615341,0.34882948047783074,-0.5400573021469093,-0.12520566884572626,-1.0004538234860347,1.097686291965697,1.0005624005214266,1.2084059522778021,0.0,0.0,0.0,0.0,0.0,0.0,0.0,0.0,0.0,0.0,0.0,0.0,0.0,0.0,0.0,0.0,0.0,0.0,1.0,1
0.1735964606116603,0.7204388671881796,0.07464472305194467,-0.676637196248668,0.6296137364035665,-1.0004538234860347,-0.7627989486541282,1.0005624005214266,-0.4549195154135979,0.0,0.0,0.0,0.0,0.0,0.0,0.0,0.0,0.0,0.0,0.0,0.0,0.0,0.0,0.0,0.0,0.0,0.0,1.0,0
0.1735964606116603,-0.09626649345233629,0.6995309143946619,-0.14429112681036552,-0.3224880133995186,-1.0004538234860347,1.097686291965697,-0.2838565988642303,-1.2865822492592978,0.0,0.0,0.0,0.0,0.0,0.0,0.0,0.0,0.0,0.0,0.0,0.0,0.0,0.0,0.0,0.0,0.0,0.0,1.0,0
1.1677855446109873,0.7846961959712645,1.4136865616434815,0.37887783628098265,0.5095288310229974,-1.0004538234860347,-0.7627989486541282,-0.2838565988642303,0.3767432184321022,0.0,0.0,0.0,0.0,0.0,0.0,0.0,0.0,0.0,0.0,0.0,0.0,0.0,0.0,0.0,0.0,0.0,0.0,1.0,0
-0.8205926233876667,0.2553050241386625,0.5273683922900356,0.2677713148801201,0.39802141888389725,-1.0004538234860347,1.097686291965697,-0.2838565988642303,0.3767432184321022,0.0,0.0,0.0,0.0,0.0,0.0,0.0,0.0,0.0,0.0,0.0,0.0,0.0,0.0,0.0,0.0,0.0,0.0,1.0,1
-0.1577999007214487,-0.01603007401914134,-0.990212358113706,-0.5075756214114527,-0.699897716024165,-1.0004538234860347,-0.7627989486541282,-0.2838565988642303,0.3767432184321022,0.0,0.0,0.0,0.0,0.0,0.0,0.0,0.0,0.0,0.0,0.0,0.0,0.0,0.0,0.0,0.0,0.0,0.0,1.0,0
-0.8758253502765182,0.9220206476980997,-1.3855485199835884,-0.8661530128129948,-0.030853243189564547,0.9051725069635551,-0.7627989486541282,-0.2838565988642303,-1.2865822492592978,0.0,0.0,0.0,0.0,0.0,0.0,0.0,0.0,0.0,0.0,0.0,0.0,0.0,0.0,0.0,0.0,0.0,0.0,1.0,1
1.1677855446109873,1.1830939504231033,-1.3154082332002222,-0.6670269460835261,0.6639237093694433,-0.04764065826123979,-0.7627989486541282,-0.2838565988642303,0.3767432184321022,0.0,0.0,0.0,0.0,0.0,0.0,0.0,0.0,0.0,0.0,0.0,0.0,0.0,0.0,0.0,0.0,0.0,0.0,1.0,1
0.6706910026113239,-0.4636157386459578,-1.742626343607998,-0.7002168477539338,-0.5540803309191881,0.9051725069635551,1.097686291965697,1.0005624005214266,0.3767432184321022,0.0,0.0,0.0,0.0,0.0,0.0,0.0,0.0,0.0,0.0,0.0,0.0,0.0,0.0,0.0,0.0,0.0,0.0,1.0,1
0.1735964606116603,-2.291213777600435,0.9418337232826542,1.2216350886940823,-1.4547171212734578,-0.04764065826123979,-0.7627989486541282,-0.2838565988642303,-1.2865822492592978,0.0,0.0,0.0,0.0,0.0,0.0,0.0,0.0,0.0,0.0,0.0,0.0,0.0,0.0,0.0,0.0,0.0,0.0,1.0,0
-1.2624544384984788,-0.5580595112443439,-1.1623748802183322,-1.033780696858722,1.0499109052355589,-0.04764065826123979,-0.7627989486541282,-0.2838565988642303,-1.2865822492592978,0.0,0.0,0.0,0.0,0.0,0.0,0.0,0.0,0.0,0.0,0.0,0.0,0.0,0.0,0.0,0.0,0.0,0.0,1.0,0
0.06313100683395731,-1.2937493768909405,1.145878193925174,-0.1845498945373076,1.2557707430308205,0.9051725069635551,1.097686291965697,-0.2838565988642303,-0.4549195154135979,0.0,0.0,0.0,0.0,0.0,0.0,0.0,0.0,0.0,0.0,0.0,0.0,0.0,0.0,0.0,0.0,0.0,0.0,1.0,1
-0.0473344469437457,0.3135729280907417,0.5146156128748782,1.424927342053938,1.0499109052355589,-1.0004538234860347,-0.7627989486541282,-0.2838565988642303,-1.2865822492592978,0.0,0.0,0.0,0.0,0.0,0.0,0.0,0.0,0.0,0.0,0.0,0.0,0.0,0.0,0.0,0.0,0.0,0.0,1.0,1
-1.5938507998315878,-0.8009316531402589,-0.3015622696952014,-0.3594383827770125,-1.5833795198954963,-0.04764065826123979,2.0279289122756095,1.0005624005214266,-0.4549195154135979,0.0,0.0,0.0,0.0,0.0,0.0,0.0,0.0,0.0,0.0,0.0,0.0,0.0,0.0,0.0,0.0,0.0,0.0,1.0,0
0.8916219101667299,-0.4492128124250602,-0.1804108652512052,-0.510563492631225,1.0070234390282127,-1.0004538234860347,-0.7627989486541282,-0.2838565988642303,0.3767432184321022,0.0,0.0,0.0,0.0,0.0,0.0,0.0,0.0,0.0,0.0,0.0,0.0,0.0,0.0,0.0,0.0,0.0,0.0,1.0,1
0.1735964606116603,-1.0558373279538926,1.177760142463068,-0.8140536121793908,-0.048008229672502956,0.9051725069635551,-0.7627989486541282,1.0005624005214266,-0.4549195154135979,0.0,0.0,0.0,0.0,0.0,0.0,0.0,0.0,0.0,0.0,0.0,0.0,0.0,0.0,0.0,0.0,0.0,0.0,1.0,1
-0.5996617158322607,0.6873490641610279,-0.18678725495878395,-0.8843214458123729,1.6074479659310592,-0.04764065826123979,-0.7627989486541282,-1.5682755982498873,-1.2865822492592978,0.0,0.0,0.0,0.0,0.0,0.0,0.0,0.0,0.0,0.0,0.0,0.0,0.0,0.0,0.0,0.0,0.0,0.0,1.0,1
-1.4833853460538848,0.05696370902871863,1.1841365321706465,-0.48375886985405114,1.5559830064822437,-0.04764065826123979,-0.7627989486541282,1.0005624005214266,1.2084059522778021,0.0,0.0,0.0,0.0,0.0,0.0,0.0,0.0,0.0,0.0,0.0,0.0,0.0,0.0,0.0,0.0,0.0,0.0,1.0,0
-0.37873080827685474,-2.2461206782793086,-0.9838359684061273,1.3426844161773681,-0.6570102498168188,-0.04764065826123979,-0.7627989486541282,-0.2838565988642303,-1.2865822492592978,0.0,0.0,0.0,0.0,0.0,0.0,0.0,0.0,0.0,0.0,0.0,0.0,0.0,0.0,0.0,0.0,0.0,0.0,1.0,1
0.8363891832778784,-0.14519514066201866,0.6166378481961381,-0.020578272767372067,1.230038263306413,-0.04764065826123979,1.097686291965697,1.0005624005214266,-1.2865822492592978,0.0,0.0,0.0,0.0,0.0,0.0,0.0,0.0,0.0,0.0,0.0,0.0,0.0,0.0,0.0,0.0,0.0,0.0,1.0,0
-0.5996617158322607,-3.404330047468889,-1.6979916156549468,2.3049216195381885,-0.30533302691658015,0.9051725069635551,-0.7627989486541282,1.0005624005214266,0.3767432184321022,0.0,0.0,0.0,0.0,0.0,0.0,0.0,0.0,0.0,0.0,0.0,0.0,0.0,0.0,0.0,0.0,0.0,0.0,1.0,1
-1.7595489804981423,0.0008559078383655314,-0.0007319322488577413,1.9985462694854603,-0.7084752092656341,-0.04764065826123979,1.097686291965697,1.0005624005214266,1.2084059522778021,0.0,0.0,0.0,0.0,0.0,0.0,0.0,0.0,0.0,0.0,0.0,0.0,0.0,0.0,0.0,0.0,0.0,0.0,1.0,1
-1.7043162536092908,2.2503747153576508,-0.7096512109802412,-0.23587333136392186,1.084220878201436,-1.0004538234860347,-0.7627989486541282,-1.5682755982498873,-0.4549195154135979,0.0,0.0,0.0,0.0,0.0,0.0,0.0,0.0,0.0,0.0,0.0,0.0,0.0,0.0,0.0,0.0,0.0,0.0,1.0,1
-0.9862908040542212,2.4353533727699768,0.44447532609151197,0.8197792397241108,0.578148776954751,-1.0004538234860347,-0.7627989486541282,-0.2838565988642303,0.3767432184321022,0.0,0.0,0.0,0.0,0.0,0.0,0.0,0.0,0.0,0.0,0.0,0.0,0.0,0.0,0.0,0.0,0.0,0.0,1.0,1
1.3887164521663933,0.9556900932357495,0.27868919369446454,-0.608571005956947,-1.2660122699611345,1.8579856721883499,-0.7627989486541282,1.0005624005214266,1.2084059522778021,0.0,0.0,0.0,0.0,0.0,0.0,0.0,0.0,0.0,0.0,0.0,0.0,0.0,0.0,0.0,0.0,0.0,0.0,1.0,1
-1.5938507998315878,0.42821283535290494,-1.2771498949547495,-0.22023088636586968,-1.5576470401710885,-1.0004538234860347,-0.7627989486541282,-0.2838565988642303,0.3767432184321022,0.0,0.0,0.0,0.0,0.0,0.0,0.0,0.0,0.0,0.0,0.0,0.0,0.0,0.0,0.0,0.0,0.0,0.0,1.0,1
-0.1577999007214487,-0.2416654103836774,0.004504436268578451,-0.23268325793518524,-0.3911079593312725,-1.0004538234860347,-0.7627989486541282,-0.2838565988642303,-0.4549195154135979,0.0,0.0,0.0,0.0,0.0,0.0,0.0,0.0,0.0,0.0,0.0,0.0,0.0,0.0,0.0,0.0,0.0,0.0,1.0,1
0.1735964606116603,-0.38544248628398087,-1.5258290935503207,1.3265882992180864,0.11496414191541239,-1.0004538234860347,-0.7627989486541282,-0.2838565988642303,1.2084059522778021,0.0,0.0,0.0,0.0,0.0,0.0,0.0,0.0,0.0,0.0,0.0,0.0,0.0,0.0,0.0,0.0,0.0,0.0,1.0,1
